2 Char ISO,3 Char ISO,ISO Numeric Code,Country Name,English1,Spanish1,French,German,SimplifiedChinese,ISO Alpha-2 code,ISO Alpha-3 code,ISO Numeric Code1,Official Name,Short Form,International Long  Form,International Short Form,Country Type (R0/R1),Misspell1,Misspell2,Variation1,Variation2,Variation3,Variation4,Variation5,Variation6
,,,Ascension Island,,Isla Ascension,,Ascension,,,,,Ascencion Island,,,,,,,,,,,,
,TIB,,Tibet,Tibet,Tíbet,Tibet,Tibet,,,,,,,,,,,,,,,,,
AD,AND,20,Andorra,Andorra,Andorra,Andorre,Andorra,安道尔,AD,AND,20,Principat d'Andorra,Andorra,Principality of Andorra,Andorra,R0,Andora,Andóra,Principality of the Valleys of Andorra,,,,,
AE,ARE,784,United Arab Emirates,United Arab Emirates,Emiratos Árabes Unidos,Émirats Arabes Unis,Vereinigte Arabische Emirate,阿拉伯联合酋长国 ,AE,ARE,784,United Arab Emirates,Arab Emirates,United Arab Emirates,UAE,R1,Arab Emirates,Emiratos Arabes,Emirados Árabes Unidos ,Emiratet e Bashkuara Arabe,Forenede Arabiske Emirater,,,
AF,AFG,4,Afghanistan,Afghanistan,Afganistán,Afghanistan,Afghanistan,阿富汗,AF,AFG,4,Jomhuri-ye Eslami-ye Afghanestan,Afghanestan, Islamic Republic of Afghanistan,Afghanistan,R0,Afganistani,Afganistan,افغانستان‎,Afġānistān,Afġānestān,د افغانستان اسلامي جمهوریت,Da Afġānistān Islāmī Jumhoryat,جمهوری اسلامی افغانستان
AG,ATG,28,Antigua and Barbuda,Antigua and Barbuda,Antigua y Barbuda,Antigua-et-Barbuda,Antigua und Barbuda,安提瓜和巴布达,AG,ATG,28,Antigua and Barbuda,Barbuda,Antigua and Barbuda,Antigua en Barbuda,R0,Antigua,Antigua e Barbuda ,,,,,,
AI,AIA,660,Anguilla,Anguilla,Anguilla,Anguilla,Anguilla,安圭拉,AI,AIA,660,Anguilla,Anguilla,Anguilla,Anguilla,R0,Anguila,Enguilla,Anguille,,,,,
AL,ALB,8,Albania,Albania,Albania,Albanie,Albanien,阿尔巴尼亚,AL,ALB,8, Republika e Shqiperise,Shqiperise,Republic of Albania,Albania,R0,Albani,Albana,Shqipëri,Shqipëria,Shqipni,,,
AM,ARM,51,Armenia,Armenia,Armenia,Arménie,Armenien,亚美尼亚,AM,ARM,51,"Հայաստանի Հանրապետություն,Hayastani Hanrapetut’yun",Հայաստան,Republic of Armenia,Armenia,R0,Armenian Soviet Socialist Republic,Armenian,Հայաստան,,,,,
AN,ANT,530,Netherlands Antilles,Netherlands Antilles,Antillas Holandesas,Antilles Néerlandaises,Niederländische Antillen,,AN,ANT,530,Netherlands Antilles,Netherlands Antilles,Netherlands Antilles,Netherlands Antilles,R0,Dutch Antilles,Antilles,Nederlandse Antillen,Antia Hulandes,Dutch Antilles,The Netherlands,,
AO,AGO,24,Angola,Angola,Angola,Angola,Angola,安哥拉 ,AO,AGO,24,Angola,Angola,Republic of Angola,,R1,Engola,Angula,Colonia de Angola,Província de Angola,República Popular de Angola,,,
AQ,ATA,10,Antarctica,Antarctica,Antártida,Antarctique,Antarktis,南极洲,AQ,ATA,10,Antarctica,Antarctica,Antarctica,Antarctica,R0,Antarctika,Antartica,Antarktis,Antartika,,,,
AR,ARG,32,Argentina,Argentina,Argentina,Argentine,Argentinien,阿根廷 ,AR,ARG,32,Argentine Republic,Argentina,Republica de Argentina,Argentina,R1,República Argentina,Arjentina,La Argentina,,,,,
AS,ASM,16,American Samoa,American Samoa,Samoa Americana,Samoa Américaines,Amerikanisch-Samoa,萨摩亚,AS,ASM,16,Territory of American Samoa,Amerikanska Samoa,Territory of American Samoa,Samoa,R1,Eastern Samoa,Samoa Amerikana,,,,,,
AT,AUT,40,Austria,Austria,Austria,Autriche,Österreich,奥地利,AT,AUT,40,Republic of Austria,Austria,Republic of Austria,Austria,R1,Astria,Osterreich,Austrie,,,,,
AU,AUS,36,Australia,Australia,Australia,Australie,Australien,澳大利亚,AU,AUS,36,Commonwealth of Australia,Australia,Commonwealth of Australia,,R1,Australis,,,,,,,
AW,ABW,533,Aruba,Aruba,Aruba,Aruba,Aruba,阿鲁巴 ,AW,ABW,533,Aruba,Aruba,Aruba,Aruba,R0,,,,,,,,
AX,ALA,248,Åland Islands,Aland Islands,Islas Åland,Îles Åland,Alandinseln,奧蘭群島,AX,ALA,248,Åland Islands,Åland,Åland Islands,Åland,R0,,Iles Aland,Landskapet Åland,Ahvenanmaan maakunta,Aland Island,Aland,Islas Aland,Isla Aland
AZ,AZE,31,Azerbaijan,Azerbaijan,Azerbaiyán,Azerbaïdjan,Aserbaidschan,阿塞拜疆,AZ,AZE,31,Azerbaijan,Azerbaijan,Republic of Azerbaijan,Azerbaijan,R0,,,Azərbaycan Respublikası,Azərbaycan,Azarbaycan Respublikasi,Azarbaycan,Republik Azarbaijchan,Azarbaijchan
BA,BIH,70,Bosnia and Herzegovina,Bosnia and Herzegovina,Bosnia-Herzegovina,Bosnie-Herzégovine,Bosnien und Herzegovina,波斯尼亚 - 黑塞哥维那,BA,BIH,70,Bosnia and Herzegovina,B&H,Bosnia and Serbian,Bosnia,R1,Bosna,Hezegovina,,,,,,
BB,BRB,52,Barbados,Barbados,Barbados,Barbade,Barbados,巴巴多斯,BB,BRB,52,Barbados,Barbados,Barbados,Barbados,R0,,,Barbadoes,,,,,
BD,BGD,50,Bangladesh,Bangladesh,Bangladesh,Bangladesh,Bangladesch,孟加拉国 ,BD,BGD,50,People's Republic of Bangladesh,Bangladesh,Republic of Bangladesh,The Country of Bengal,R1,Bengal,Bengai,,,,,,
BE,BEL,56,Belgium,Belgium,Bélgica,Belgique,Belgien,比利时,BE,BEL,56,Kingdom of Belgium,Belgium,,,R1,Belgum,,,,,,,
BF,BFA,854,Burkina Faso,Burkina Faso,Burkina Faso,Burkina Faso,Burkina Faso (Obervolta - 1984),布基纳法索 ,BF,BFA,854,"Republic of Burkina Faso, République de Burkina Faso",Burkina Faso,Burkina Faso,Burkina Faso,R0,,,,,,,,
BG,BGR,100,Bulgaria,Bulgaria,Bulgaria,Bulgarie,Bulgarien,保加利亚 ,BG,BGR,100,Republika Bulgariya,Bulgariya,Republic of Bulgaria,Bulgaria,R1,,,,,,,,
BH,BHR,48,Bahrain,Bahrain,Bahrein,Bahreïn,Bahrain (Bahrein),巴林 ,BH,BHR,48,Kingdom of Bahrain,Bahrain,,,R1,Barain,Bharain,,,,,,
BI,BDI,108,Burundi,Burundi,Burundi,Burundi,Burundi,蒲隆地,BI,BDI,108,"République du Burundi, Republika y’Uburundi",Burundi,Republic of Burundi,Burundi,R0,,,,,,,,
BJ,BEN,204,Benin,Benin,Benín,Bénin,Benin,贝宁,BJ,BEN,204,République du Bénin,Bénin, Republic of Benin,Benin,R0,,,,,,,,
BL,BLM,652,Saint-Barthélemy,Saint Barthélemy,San Barthélemy,Saint-Barthélemy,Saint-Barthélemy,圣巴泰勒米,BL,BLM,652,Collectivité territoriale de Saint-Barthélemy,Saint-Barthélemy, Territorial collectivity of Saint-Barthélemy ,Saint-Barthélemy ,R0,,,Ouanalao,,,,,
BM,BMU,60,Bermuda,Bermuda,Bermudas,Bermudes,Bermuda,百慕达群岛 ,BM,BMU,60,Bermuda,Bermuda,Bermuda,Bermuda,R0,,,,,,,,
BN,BRN,96,Brunei Darussalam,Brunei Darussalam,Brunei Darussalam,Brunéi Darussalam,Brunei (Brunei Darussalam),文莱达鲁萨兰国 ,BN,BRN,96,"State of Brunei Darussalam, Negara Brunei Darussalam",Brunei,"Nation of Brunei, the Abode of Peace",Brunei,R0,,,Brunei,نڬارا بروني دارالسلام,,,,
BO,BOL,68,Bolivia,Bolivia,Bolivia,Bolivie,Bolivien,玻利维亚 ,BO,BOL,68,Plurinational State of Bolivia,Bolivia,State of Boliva,Bolivia,R1,Bolivar,Boliva,,,,,,
BQ,BES,,"Bonaire, Sint Eustatius And Saba","Bonaire, Sint Eustatius And Saba","Bonaire, San Estaquio y Saba","Bonaire, Saint-Eustache et Saba",Bonaire,博奈尔岛、圣尤斯达蒂斯和萨巴,,,,Caribbean Netherlands,Bonaire,,,,,,,,,,,
BR,BRA,76,Brazil,Brazil,Brasil,Brésil,Brasilien,巴西,BR,BRA,76,Federative Republic of Brazil,Brazil,Republic of Brazil,Brazil,R1,Brozil,Brosil,,,,,,
BS,BHS,44,Bahamas,Bahamas,Bahamas,Bahamas,Bahamas,巴哈马 ,BS,BHS,44,Commonwealth of the Bahamas,The Bahamas,Commonwealth of the Bahamas,Bahamas,R1,Bohamas,Las Bahamas,,,,,,
BT,BTN,64,Bhutan,Bhutan,Bután,Bhoutan,Bhutan,不丹,BT,BTN,64,Druk Gyalkhap, Druk Yul,Kingdom of Bhutan,Bhutan,R0,Druk Gyalkhap,Butan,འབྲུག་རྒྱལ་ཁབ་,Druk Gyal Khap,,Druk Yul,,
BV,BVT,74,Bouvet Island,Bouvet Island,Isla Bouvet,Îles Bouvet,Bouvetinsel,,BV,BVT,74,Bouvet Island ,Bouvet Island ,Bouvet Island ,Bouvet Island ,R0,Bouvet,Bovet,Bouvetøya,Bouvet-øya,,,,
BW,BWA,72,Botswana,Botswana,Botswana,Botswana,Botswana,博茨瓦纳 ,BW,BWA,72, Lefatshe la Botswana,Botswana,Republic of Botswana, Botswana,R0,,,Republic of Botswana,,,,,
BY,BLR,112,Belarus,Belarus,Bielorrusia,Bélarus,Weißrußland (Belarus),白俄罗斯 ,BY,BLR,112,Republic of Belarus,Byelorussia,,Belarus,R1,Belorussia,,Republica de Belarus,,,,,
BZ,BLZ,84,Belize,Belize,Belice,Belize,Belize,伯利兹,BZ,BLZ,84,Belize,,,,R1,,,,,,,,
CA,CAN,124,Canada,Canada,Canadá,Canada,Kanada,加拿大 ,CA,CAN,124,Canada,,,,R1,,,,,,,,
CC,CCK,166,Cocos (Keeling) Islands,Cocos (Keeling) Islands,Islas Cocos,Îles Cocos (Keeling),Kokosinseln (Keeling),科科斯群岛,CC,CCK,166,Territory of Cocos (Keeling) Islands,Cocos,Territory of Cocos Islands,Keeling,R1,Coco,Keling,,,,,,
CD,COD,180,"Congo, (Kinshasa)",Democratic Republic of Congo (Kinshasa),República Democratica del Congo,La République Démocratique du Congo,Demokratische Republik Kongo,刚果民主共和国,CD,COD,180,Republic of the Congo-Leopoldville,DR Congo,DRC,République du Congo,R0,The Congo,,Congo-Kinshasa,DRC,DROC,,,Congo-Kinshasa
CF,CAF,140,Central African Republic,Central African Republic,República Centroafricana,"Centrafricaine, République",Zentralafrikanische Republik,中非共和国,CF,CAF,140,"République Centrafricaine, Ködörösêse tî Bêafrîka",Central African Republic,Central African Republic,Central African Republic,R0,,,CAR,,,,,
CG,COG,178,Congo (Brazzaville),Republic of Congo (Brazzaville),República del Congo ,République du Congo,Republik Kongo,刚果共和国,CG,COG,178,Republic of the Congo,The Congo,Congo Republic,,R1,,,Congo-Brazzaville,,,,,
CH,CHE,756,Switzerland,Switzerland,Suiza,Suisse,Schweiz,瑞士,CH,CHE,756,Swiss Confederation,Swiss,,,R1,Switserland,Swiza,,,,,,
CI,CIV,384,Côte d'Ivoire,Ivory Coast (Cote d'Ivoire),Costa de Marfil,Côte D'ivoire,Côte d'Ivoire (Elfenbeinküste),科特迪瓦 ,CI,CIV,384,République de Côte d'Ivoire ,Cote d'Ivoire,Republic of Cote d'Ivoire,Cote d'Ivoire,R0,,,Cote d'Ivoire,,,,,
CK,COK,184,Cook Islands ,Cook Islands,Islas Cook,Îles Cook,Cookinseln,库克群岛,CK,COK,184,Cook Islands,Cook Islands,Cook Islands,Cook Islands,R0,,,Kūki 'Āirani,,,,,
CL,CHL,152,Chile,Chile,Chile,Chili,Chile,智利 ,CL,CHL,152,Republic of Chile,Chile,,Republica de Chile,R1,Chili,,,,,,,
CM,CMR,120,Cameroon,Cameroon,Camerún,Cameroun,Kamerun,喀麦隆,CM,CMR,120,Republic of Cameroon,Cameroon,Republic of Cameroon,Cameroon,R0,Camerun,Cameroun,République du Cameroun,,,,,
CN,CHN,156,China,China,China,Chine,China,"中国, 中华 ",CN,CHN,156,People's Republic of China,PRC,China,Republic of China,R1,,,,,,,,
CO,COL,170,Colombia,Colombia,Colombia,Colombie,Kolumbien,哥伦比亚 ,CO,COL,170,Republic of Colombia,Colombia,,Republica de Colombia,R1,Colonbia,Kolombia,,,,,,
CR,CRI,188,Costa Rica,Costa Rica,Costa Rica,Costa Rica,Costa Rica,哥斯达黎加,CR,CRI,188,Republic of Costa Rica,Costa Rica,,Republica de Costa Rica,R1,Kosta Rica,CR,,,,,,
CU,CUB,192,Cuba,Cuba,Cuba,Cuba,Kuba,古巴 ,CU,CUB,192,Republic of Cuba,,,Republica de Cuba,R1,Isla de Cuba,Kuba,,,,,,
CV,CPV,132,Cape Verde,Cape Verde,Cabo Verde,Cap-Vert,Kap Verde,佛得角,CV,CPV,132,Republic of Cabo Verde,Cabo Verde,Republic of Cabo Verde,República de Cabo Verde,R0,Cavo Verde,Cape Verde,República de Cabo Verde,Repúblika de Kabu Verdi,,,,
CX,CXR,162,Christmas Island,Christmas Island,Isla De Navidad,Île Christmas,Weihnachtsinsel,圣诞岛,CX,CXR,162,Territory of Christmas Island,,,,R1,Isla Christmas,Christmas Islands,,,,,,
CY,CYP,196,Cyprus,Cyprus,Chipre,Chypre,Zypern,塞浦路斯 ,CY,CYP,196,Republic of Cyprus,Cyprus,,,R1,Cipros,Saipres,,,,,,
CZ,CZE,203,Czech Republic,Czech Republic,República Checa,République Tchèque,Tschechien (Tschechische Republik),捷克共和国 ,CZ,CZE,203,Česká republika,Czechia,Czech Republic,Česká republika,R1,Checoslovaquia,Czechoslovakia,Czechia,Česká republika,Check,,,
DE,DEU,276,Germany,Germany,Alemania,Allemagne,Deutschland,德国,DE,DEU,276,Federal Republic of Germany,Deutschaland,,,R1,Dutschland,Deutsland,,,,,,
DJ,DJI,262,Djibouti,Djibouti,"Djibouti, Yibuti",Djibouti,Dschibuti,吉布提,DJ,DJI,262,"République de Djibouti ,  مهورية جيبوتي  ",Djibouti,Republic of Djibouti,مهورية جيبوتي  ,R0,Gabuuti,Djinuti,يبوتي‎ ,Jamhuuriyadda Jabuuti,Jumhouriyya Djibouti,Jibuti (Arabic),جيبوتي,
DK,DNK,208,Denmark,Denmark,Dinamarca,Danemark,Dänemark,丹麦,DK,DNK,208,Kingdom of Denmark,,,,R1,Reinado de Dinamarca,Dinamarka,,,,,,
DM,DMA,212,Dominica,Dominica,Dominica,Dominique,Dominica,多米尼克 ,DM,DMA,212,Commonwealth of Dominica,Dominica,Commonwealth of Dominica,Dominica,R0,Dominika,,,,,,,
DO,DOM,214,Dominican Republic,Dominican Republic,República Dominicana,République Dominicaine,Dominikanische Republik (Dom Rep),多米尼加共和国,DO,DOM,214,Dominican Republic,DR,,,R1,Republica Dominican,,,,,,,
DZ,DZA,12,Algeria,Algeria,Argelia,Algérie,Algerien,阿尔及利亚,DZ,DZA,12,People's Democratic Republic of Algeria,Algeria,,Republic of Algeria,R1,Aljeria,Algeri,,,,,,
EC,ECU,218,Ecuador,Ecuador,Ecuador,Équateur,Ecuador,厄瓜多尔,EC,ECU,218,Republic of Ecuador,Ecuador,,Republica del Ecuador,R1,Ecuadore,Equador,,,,,,
EE,EST,233,Estonia,Estonia,Estonia,Estonie,Estland,爱沙尼亚,EE,EST,233,Republic of Estonia,,,,R1,Eesti,Ehstonia,,,,,,
EG,EGY,818,Egypt,Egypt,Egipto,Égypte,Ägypten,埃及,EG,EGY,818,Arab Republic of Egypt,,,Republic of Egypt,R1,Egipt,Egypto,,,,,,
EH,ESH,732,Western Sahara,Western Sahara,Sáhara Occidental ,Sahara Occidental,Westsahara,西撒哈拉,EH,ESH,732, Taneẓroft Tutrimt ,,Western Sahara,الصحراء الغربية‎         ,R0,Saara,,الصحراء الغربية‎,,,,,
ER,ERI,232,Eritrea,Eritrea,Eritrea,Érythrée,Eritrea,厄立特里亚,ER,ERI,232,Satate of Eritrea, ኤርትራ,Hagere Ertra,"ሃገረ ኤርትራ , دولة إرتريا",R0,Eritre,,Etra,Iertra,Irītriyā (Arabic),إريتريا,,
ES,ESP,724,Spain,Spain,España,Espagne,Spanien,西班牙 ,ES,ESP,724,Kingdom of Spain,Spain,,,R1,Espana,Spana,,,,,,
ET,ETH,231,Ethiopia,Ethiopia,Etiopía,Éthiopie,Äthiopien,埃塞俄比亚,ET,ETH,231, Federal Democratic Republic of Ethiopia, ኢትዮጵያ,Republic of Ethiopia,የኢትዮጵያ ፌዴራላዊ ዴሞክራሲያዊ ሪፐብሊክ,R0,Ethipia,,Ītyōṗṗyā,,,,,
FI,FIN,246,Finland,Finland,Finlandia,Finlande,Finnland,芬兰,FI,FIN,246,Republic of Finland,Finland,Republic of Finland,Suomen tasavalta,R1,Finlan,,Suomi,Republiken Finland,Suomen tasavalta,,,
FJ,FJI,242,Fiji,Fiji,Fiyi,Fidji,Fidschi,斐济,FJ,FJI,242,Republic of Fiji,Fiji,Republic of Fiji,Fiji,R0,Fijian,,Matanitu Tugalala o Viti,Viti,फ़िजी गणराज्य,,,
FK,FLK,238,Falkland Islands (Malvinas) ,Falkland Islands,Islas Malvinas,"Falkland, Îles (Malvinas)",Falklandinseln (Malvinen),马尔维纳斯群岛,FK,FLK,238,Falkland Islands,Falkland Islands,Falkland Islands,Falkland Islands,R0,Malvianas,,Malvinas,,,,,
FM,FSM,583,Micronesia,Micronesia,Estados Federados de Micronesia,États Fédérés de Micronésie,"Mikronesien, Föderierte Staaten von",密克罗尼西亚,FM,FSM,583,Federated States of Micronesia,Micronesia,FSM,States of Micronesia,R1,Micronesa,,,,,,,
FO,FRO,234,Faroe Islands,Faroe Islands,Islas Feroe,Îles Féroé,Färöer (Färöer-Inseln),法罗群岛,FO,FRO,234,Faeroe Islands,Foroyar,Faroe Islands,Faroe Islands,R0,Faeroe,Iles Feroe,Føroyar,,,,,
FR,FRA,250,France,France,Francia,France,Frankreich,法国,FR,FRA,250,French Republic,La France,French Republic,République Française,R1,Fransia,,Republique Francaise,,,,,
GA,GAB,266,Gabon,Gabon,Gabón,Gabon,Gabun,加蓬,GA,GAB,266,Gagonese Republic,Gabon,Gabonese Republic,République gabonaise,R0,Gabone,,,,,,,
GB,GBR,826,United Kingdom,Great Britain,Gran Bretaña,Grande-Bretagne,Großbritannien,英国,GB,GBR,826,United Kingdom of Great Britain,Royaume-Uni,Reino Unido,United Kingdom,R1,Gran Bretana,,Vereinigtes Königreich,,,UK,,
GD,GRD,308,Grenada,Grenada,Granada,Grenade,Grenada,格陵兰,GD,GRD,308,Grenada,Grenada,Grenada,Island of Grenada,R0,Granada,,La Grenade,,,,,
GE,GEO,268,Georgia,Georgia,Georgia,Géorgie,Georgien,格鲁吉亚,GE,GEO,268,Georgia,Georgia, Republic of Georgia,საქართველო,R0,Georga,,Sakartvelos,Sakartvelos Respublika,,,,
GF,GUF,254,French Guiana,French Guiana,Guayana Francesa,Guyane Française,Französisch-Guayana,法屬圭亞那,GF,GUF,254,Guiana,Guinea,,,R1,Guina,,,,,,,
GG,GGY,831,Guernsey,Guernsey,Guernesey,Bailliage de Guernesey,Guernsey,格恩西岛,GG,GGY,831,Guernsey,Guernsey,Guernsey,Bailiwick of Guernsey,R0,Gernesey,Guernsy,,,,,,
GH,GHA,288,Ghana,Ghana,Ghana,Ghana,Ghana,加纳,,,,Republic of Ghana,,,,,Gana,Ghania,,,,,,
GI,GIB,292,Gibraltar ,Gibraltar,Gibraltar,Gibraltar,Gibraltar,直布罗陀,GI,GIB,292,Gibraltar ,Gibraltar ,Gibraltar ,Gibraltar ,R0,Gibaltar,,,,,,,
GL,GRL,304,Greenland,Greenland,Groenlandia,Groenland,Grönland,格陵兰,GL,GRL,304,Greenland,Greenland,Greenland,Kalaallit Nunaat,R0,Gronland,Groenlanda,Kalaallit Nunaat,,,,,
GM,GMB,270,Gambia,Gambia,Gambia,Gambie,Gambia,冈比亚,GM,GMB,270,Republic of the Gambia,Gambia,Republic of The Gambia,The Gambia,R0,Gamba,,The Islamic Republic of The Gambia,,,,,
GN,GIN,324,Guinea,Guinea,República Guinea,Guinéee,Guinea,几内亚,GN,GIN,324,Republic of Guinea, Guinée,Republic of Guinea,République de Guinée,R0,Guina,,Guinea-Conakry,République de Guinée,,,,
GP,GLP,312,Guadeloupe,Guadeloupe,Guadalupe,Guadeloupe,Guadeloupe,瓜德罗普岛,GP,GLP,312,Guadeloupe,Gwadloup,,,R1,Guadaloupe,,Antillean Creole,,,,,
GQ,GNQ,226,Equatorial Guinea,Equatorial Guinea,Guinea Ecuatorial,Guinée Équatoriale,Äquatorialguinea,赤道几内亚,GQ,GNQ,226,Republic of Equatorial Guinea,EG,Equatorial Guinea,"República de Guinea Ecuatorial, République de Guinée équatoriale, República da Guiné Equatorial",R0,Equatorial Guine,Guinea Equatorial,Guinée équatoriale,Guiné Equatorial,,,,
GR,GRC,300,Greece,Greece,Grecia,Grèce,Griechenland,希腊,GR,GRC,300,Hellenic Republic,,,Hellas,R1,Greese,Gris,,,,,,
GS,SGS,239,South Georgia and the South Sandwich Islands,South Georgia and the South Sandwich Islands,Islas Georgias del Sur y Sandwich del Sur,Géorgie du Sud et îles Sandwich du Sud,Südgeorgien und die südlichen Sandwichinseln,南乔治亚岛和南桑威齐群岛,GS,SGS,239,South Georgia and the South Sandwich Islands,SGSSI,South Georgia and the South Sandwich Islands,SGSSI,R0,South Gorgia,,,,,,,
GT,GTM,320,Guatemala,Guatemala,Guatemala,Guatemala,Guatemala,危地马拉 (瓜地馬拉),GT,GTM,320,Republic of Guatemala,,Guatemala,Republica de Guatemala,R1,Gwatemala,Gatemala,,,,,,
GU,GUM,316,Guam,Guam,Guam,Guam,Guam,关岛,GU,GUM,316,Guam,,,,R1,Guan,,,,,,,
GW,GNB,624,Guinea-Bissau,Guinea-Bissau,Guinea Bissau,Guinée-Bissau,Guinea-Bissau,几内亚比绍,,,,Republic of Guinea-Bissau,,,Guinea-Bissau,,Guinea Bisau,,,,,,,
GY,GUY,328,Guyana,Guyana,Guyana,Guyana,Guyana,圭亚那 ,GY,GUY,328,Co-operative Republic of Guyana,Guyana,Guyana,Guyana,R0,Guayana,,,,,,,
HK,HKG,344,"Hong Kong, SAR China",Hong Kong,Hong Kong,Hong-Kong,Hongkong,香港,HK,HKG,344,Hong Kong Special Administrative Region of the People's Republic of China,,,People's Republic of China,R1,Hon Kong,,,,,,,
HM,HMD,334,Heard and Mcdonald Islands,Heard and Mcdonald Islands,Heard e Islas Mcdonald,Heard et Île Mcdonald,Heard und die Mcdonaldinseln,,HM,HMD,334,Territory of Heard Island and McDonald Islands,HIMI,Territory of Heard Island and McDonald Islands,Heard Island and McDonald Islands,R0,Islas Hear y MacDonal,,,,,,,
HN,HND,340,Honduras,Honduras,Honduras,Honduras,Honduras,洪都拉斯 ,HN,HND,340,Republic of Honduras,,,,R1,Hunduras,,,,,,,
HR,HRV,191,Croatia,Croatia,Croacia,Croatie,Kroatien,克罗地亚 ,HR,HRV,191,Republic of Croatia,Croatia,Republic of Croatia,Croatia,R1,Croecia,Croetia,Hrvatska,Republika Hrvatska,,,,
HT,HTI,332,Haiti,Haiti,Haiti,Haïti,Haiti,海地,,,,Republic of Haiti,,,,,Hayti,,République d'Haiti,,,,,
HU,HUN,348,Hungary,Hungary,Hungría,Hongrie,Ungarn,匈牙利,HU,HUN,348,Hungary,Hongaria,Ungarn ,,,Ungari,Hungaria,,,,,,
ID,IDN,360,Indonesia,Indonesia,Indonesia,Indonésie,Indonesien,"印度尼西亚, 印尼 ",ID,IDN,360,,,,,R1,,,,,,,,
IE,IRL,372,Ireland,Ireland,Irlanda,Irlande,Irland,爱尔兰,IE,IRL,372,,,,,R1,,,,,,,,
IL,ISR,376,Israel,Israel,Israel,Israël,Israel,以色列 ,IL,ISR,376,,,,,R1,,,,,,,,
IM,IMN,833,Isle of Man ,Isle of Man,Isla de Man,Île de Man,Insel Man,曼岛,IM,IMN,833,,,,,R1,,,,,,,,
IN,IND,356,India,India,India,Inde,Indien,印度,IN,IND,356,,,,,R1,,,,,,,,
IO,IOT,86,British Indian Ocean Territory,British Indian Ocean Territory,Territorio Británico en el Océano Índico,Territoire britannique de l'océan Indien,Britisches Territorium im Indischen Ozean,英属印度洋领地,IO,IOT,86,British Indian Ocean Territory,British Indian Ocean Territory,British Indian Ocean Territory,British Indian Ocean Territory,R0,,,BIOT,,,,,
IQ,IRQ,368,Iraq,Iraq,Iraq,Iraq,Irak,伊拉克 ,IQ,IRQ,368,جمهورية العـراق,"العراق,كۆماريى عێراق",Republic of Iraq,Iraq,R0,,,العراق,كۆماريى عێراق,,,,
IR,IRN,364,"Iran, Islamic Republic of",Iran,Irán,République Islamique d' Iran,"Iran, Islamische Republik",伊朗,IR,IRN,364,,,,,R1,,,,,,,,
IS,ISL,352,Iceland,Iceland,Islandia,Islande,Island,冰岛 ,IS,ISL,352,Lýðveldið Ísland,Ísland,Republic of Iceland,Iceland,R1,,,Ísland,Lýðveldið Ísland,,,,
IT,ITA,380,Italy,Italy,Italia,Italie,Italien,意大利,IT,ITA,380,,,,,R1,,,,,,,,
JE,JEY,832,Jersey,Jersey,Isla de Jersey,Jersey,Jersey,泽西岛,JE,JEY,832,,,,,R1,,,,,,,,
JM,JAM,388,Jamaica,Jamaica,Jamaica,Jamaïque,Jamaika,牙买加,JM,JAM,388,Jamaica,Jamaica,Jamaica,Jamaica,R0,,,,,,,,
JO,JOR,400,Jordan,Jordan,Jordania,Jordanie,Jordanien,约旦,JO,JOR,400,,,,,R1,,,,,,,,
JP,JPN,392,Japan,Japan,Japón,Japon,Japan,日本,JP,JPN,392,,,,,R1,,,,,,,,
KE,KEN,404,Kenya,Kenya,Kenia,Kenya,Kenya,肯尼亚,KE,KEN,404,,,,,R1,,,,,,,,
KG,KGZ,417,Kyrgyzstan,Kyrgyzstan,Kirguistán,Kirghizistan,Kirgisistan,吉尔吉斯斯坦 ,KG,KGZ,417,"Кыргыз Республикасы,Кыргызская Республика",Кыргызстан,Kyrgyz Republic,Kyrgyzstan,R0,,,Кыргызстан,,,,,
KH,KHM,116,Cambodia,Cambodia,Camboya,Cambodge,Kambodscha,柬埔寨 ,KH,KHM,116,,,,,R1,,,,,,,,
KI,KIR,296,Kiribati,Kiribati,Kiribati,Kiribati,Kiribati,基里巴斯 ,KI,KIR,296,Republic of Kiribati,Kiribati,Republic of Kiribati,Kiribati,R0,,,Ribaberiki Kiribati,,,,,
KM,COM,174,Comoros,Comoros,Comores,Comores,Komoren,科摩罗,,,,Union of the Comoros,Comoros,,Comoros,,Komoros,,جزر القمر,Qamar,,,,
KN,KNA,659,Saint Kitts and Nevis,Saint Kitts and Nevis,San Cristobal y Nevis,Saint-Kitts-et-Nevis,St. Kitts und Nevis,圣基茨和尼维斯,KN,KNA,659,The Federation of Saint Kitts and Nevis ,Saint Kitts and Nevis,The Federation of Saint Kitts and Nevis ,Saint Kitts and Nevis,R0,,,Federation of Saint Christopher and Nevis,,,,,
KP,PRK,408,Korea (North),"Korea, Democratic People's Rep. (North Korea)",Corea del Norte,"Corée, République Populaire Démocratique de","Korea, Demokratische Volksrepublik (Nord Korea)","北韩, 北朝鲜",KP,PRK,408,North Korea,North Korea,Democratic People's Republic of Korea,DPRK,R0,,,조선민주주의인민공화국,Chosŏn Minjujuŭi Inmin Konghwaguk,,,,
KR,KOR,410,Korea (South),"Korea, Republic of",Corea del Sur,"Corée, République de","Korea, Republik (Süd Korea)","韩国, 光州",KR,KOR,410,South Korea,,,,R1,,,,,,,,
KW,KWT,414,Kuwait,Kuwait,Kuwait,Koweït,Kuwait,科威特,KW,KWT,414,,,,,R1,,,,,,,,
KY,CYM,136,Cayman Islands ,Cayman Islands,Islas Caimán,"Caïmanes, Îles",Kaimaninseln,開曼群島,KY,CYM,136,Cayman Islands ,Cayman Islands ,Cayman Islands ,Cayman Islands ,R0,,,,,,,,
KZ,KAZ,398,Kazakhstan,Kazakhstan,Kazajstán,Kazakstan,Kasachstan,哈萨克斯坦 ,KZ,KAZ,398,"Republic of Kazakhstan, Qazaqstan Respublikasy, Kazak Respublikasy", Kazak,Republic of Kazakhstan,Kazakhstan,R0,,,Қазақстан Республикасы,Qazaqstan Respy'bli'kasy,Республика Казахстан,Respublika Kazakhstan,,
LA,LAO,418,Lao PDR,Laos,Laos; oficialmente: República Democrática Popular Lao,"Lao, République Démocratique Populaire","Laos, Demokratische Volksrepublik",老挝,LA,LAO,418,Laos,Laos,Lao People's Democratic Republic,Lao PDR,R0,,,Muang Lao,ສາທາລະນະລັດ ປະຊາທິປະໄຕ ປະຊາຊົນລາວ,Sathalanalat Paxathipatai Paxaxon Lao,,,
LB,LBN,422,Lebanon,Lebanon,Líbano,Liban,Libanon,黎巴嫩 ,LB,LBN,422,,,,,R1,,,,,,,,
LC,LCA,662,Saint Lucia,Saint Lucia,Santa Lucía,Sainte-Lucie,St. Lucia,圣卢西亚,LC,LCA,662,Saint Lucia,Saint Lucia,Saint Lucia,Saint Lucia,R0,,,,,,,,
LI,LIE,438,Liechtenstein,Liechtenstein,Liechtenstein,Liechtenstein,Liechtenstein,列支敦士登,LI,LIE,438,,,,,R1,,,,,,,,
LK,LKA,144,Sri Lanka,Sri Lanka,Sri Lanka,Sri Lanka,Sri Lanka (vormals Ceylon),斯里兰卡 ,LK,LKA,144,,,,,R1,,,,,,,,
LR,LBR,430,Liberia,Liberia,Liberia,Libéria,Liberia,利比里亚 ,LR,LBR,430,Liberia,Liberia,Republic of Liberia,Republic of Liberia,R0,,,,,,,,
LS,LSO,426,Lesotho,Lesotho,Lesotho,Lesotho,Lesotho,莱索托,LS,LSO,426,Lesotho,Lesotho,Kingdom of Lesotho,Kingdom of Lesotho,R0,,,Muso oa Lesotho,Basutoland,,,,
LT,LTU,440,Lithuania,Lithuania,Lituania,Lituanie,Litauen,立陶宛,LT,LTU,440,Lietuvos Respublika,Lietuva,Republic of Lithuania,Lithuania,R1,,,Lietuva,Lietuvos Respublika,,,,
LU,LUX,442,Luxembourg,Luxembourg,Luxemburgo,Luxembourg,Luxemburg,卢森堡 ,LU,LUX,442,,,,,R1,,,,,,,,
LV,LVA,428,Latvia,Latvia,Letonia,Lettonie,Lettland,拉脱维亚,LV,LVA,428,,,,,R1,,,,,,,,
LY,LBY,434,Libya,Libya,Libia,Libye,Libyen,利比亚,LY,LBY,434,Libya,Libya,Libya,Libya,R0,,,,,,,,
MA,MAR,504,Morocco,Morocco,Marruecos,Maroc,Marokko,摩洛哥,MA,MAR,504,,,,,R1,,,,,,,,
MC,MCO,492,Monaco,Monaco,Mónaco,Monaco,Monaco,摩纳哥,MC,MCO,492,Principaute de Monaco,Monaco,Principality of Monaco,Monaco,R0,,,,,,,,
MD,MDA,498,Moldova,"Moldova, Republic of",Moldavia,"Moldova, République de","Moldau, Republik",摩尔多瓦,MD,MDA,498,Moldova,Moldova,Republic of Moldova ,Republic of Moldova ,R0,,,Republica Moldova,,,,,
ME,MNE,499,Montenegro,Montenegro,Montenegro,Monténégro,Mongolei,黑山,ME,MNE,499,Crna Gora,Crna Gora,Montenegro,Montenegro,R0,,,Crna Gora,Црна Гора,,,,
MF,MAF,663,Saint-Martin (French part),Saint Martin,San Martín (Sint Maarten),Saint-Martin,Saint-Martin,圣马丁,MF,MAF,663,Saint-Martin,San Martin,Saint-Martin,Saint-Martin,R0,,,Sint Maarten,,,,,
MG,MDG,450,Madagascar,Madagascar,Madagascar,République de Madagascar,Madagaskar,马达加斯加 ,MG,MDG,450,République de Madagascar,Madagascar,Republic of Madagascar ,Republic of Madagascar ,R0,,,Madagasikara,République de Madagascar,Repoblikan'i Madagasikara,Malagasy Republic,,
MH,MHL,584,Marshall Islands,Marshall Islands,Islas Marshall,Îles Marshall,Marshallinseln,马绍尔群岛,MH,MHL,584,,,,,R1,,,,,,,,
MK,MKD,807,"Macedonia, Republic of","Macedonia, Rep. of",Macedonia,"Macédoine, l'ex-République Yougoslave de",Mazedonien,马其顿,MK,MKD,807,Republika Makedonija,Македонија,Macedonia The Former Yugoslav Republic of,République de Macédoine,R0,,,Македонија,Republika Makedonija,,,,
ML,MLI,466,Mali,Mali,Malí,Mali,Mali,马里 ,ML,MLI,466,Mali,Mali,Republic of Mali,Republica Mali,R0,,,Mali ka Fasojamana,République du Mali,,,,
MM,MMR,104,Myanmar,Myanmar,"Myanmar, Birmania","Myanmar, Birmanie","Myanmar, Birma, Burma",缅甸,MM,MMR,104,Myanmar,Myanmar,Republic of the Union of Myanmar,Myanmar,R0,,,Burma,Pyidaunzu Thanmăda Myăma,Nainngandaw,,,
MN,MNG,496,Mongolia,Mongolia,Mongolia,Mongolie,Montenegro,蒙古,MN,MNG,496,Mongolia,Mongolia,Mongolia,Mongolia,R0,,,Монгол Улс,Mongol uls,Mongol State,,,
MO,MAC,446,"Macao, SAR China",Macao,Macao,Macao,Macau,澳门 ,MO,MAC,446,,,,,R1,,,,,,,,
MP,MNP,580,Northern Mariana Islands,Northern Mariana Islands,Marianas del Norte,Îles Mariannes du Nord,Nördliche Marianen,北马里亚纳,MP,MNP,580,,,,,R1,,,,,,,,
MQ,MTQ,474,Martinique,Martinique,Martinica,Martinique,Martinique,马提尼克,MQ,MTQ,474,,,,,R1,,,,,,,,
MR,MRT,478,Mauritania,Mauritania,Mauritania,Mauritanie,Mauretanien,毛里塔尼亚,MR,MRT,478,Mauritania,Mauritania,Islamic Republic of Mauritania, République islamique de Mauritanie ,R0,,,موريتانيا,al-Jumhūrīyah al-Islāmīyah al-Mūrītānīyah,Mūrītānyā,Muritanya,الجمهورية الإسلامية الموريتانية,
MS,MSR,500,Montserrat,Montserrat,Montserrat,Montserrat,Montserrat,蒙塞拉特群岛,MS,MSR,500,Montserrat,Montserrat,Montserrat,Montserrat,R0,,,The Emerald Isle of the Caribbean,,,,,
MT,MLT,470,Malta,Malta,Malta,Malte,Malta,马耳他,MT,MLT,470,Repubblika ta' Malta,Malta,Republic of Malta,Malta,R0,,,Repubblika ta' Malta,,,,,
MU,MUS,480,Mauritius,Mauritius,Mauricio,Île Maurice,Mauritius,毛里求斯,MU,MUS,480,Mauritius,Mauritius,Republic of Mauritius,République de Maurice,R0,,,Repiblik Moris,Maurice,,,,
MV,MDV,462,Maldives,Maldives,Maldivas,Maldives,Malediven,马尔代夫,MV,MDV,462,Maldives,Maldives,Republic of Maldives,Republic of Maldives,R0,,,Dhivehi Raa'jeyge Jumhooriyya,King's Island,,,,
MW,MWI,454,Malawi,Malawi,Malawi,Malawi,Malawi,马拉维,MW,MWI,454,Malawi,Malawi,Republic of Malawi,Republic of Malawi,R0,,,Nyasaland,The Warm Heart of Africa,Dziko la Malaŵi,,,
MX,MEX,484,Mexico,Mexico,México,Mexique,Mexiko,墨西哥 ,MX,MEX,484,,,,,R1,,,,,,,,
MY,MYS,458,Malaysia,Malaysia,Malasia,Malaisie,Malaysia,马来西亚 ,MY,MYS,458,,,,,R1,,,,,,,,
MZ,MOZ,508,Mozambique,Mozambique,Mozambique,Mozambique,Mosambik,莫桑比克,MZ,MOZ,508,,,,,R1,,,,,,,,
NA,NAM,516,Namibia,Namibia,Namibia,Namibie,Namibia,纳米比亚 ,NA,NAM,516,Namibia,Namibia,Republic of Namibia,Namibia,R0,,,Republik Namibia,Republiek van Namibië,,,,
NC,NCL,540,New Caledonia,New Caledonia,Nueva Caledonia,Nouvelle-Calédonie,Neukaledonien,新喀里多尼亚 ,NC,NCL,540,New Caledonia,New Caledonia,Territory of New Caledonia and Dependencies,New Caledonia,R0,,,French Overseas Territory,Territoire des Nouvelle-Caledonie et Dépendances,,,,
NE,NER,562,Niger,Niger,Niger,Niger,Niger,尼日尔 ,NE,NER,562,République du Niger , Niger ,Republic of the Niger, Niger ,R0,,,the Niger,,,,,
NF,NFK,574,Norfolk Island,Norfolk Island,Isla Norfolk,Ile de Norfolk,Norfolkinsel,诺福克岛,NF,NFK,574,Teratri a' Norf'k Ailen ,Norf'k Ailen,Territory of Norfolk Island,Norfolk Island,R0,,,,,,,,
NG,NGA,566,Nigeria,Nigeria,Nigeria,Nigéria,Nigeria,尼日利亚 ,NG,NGA,566,,,,,R1,,,,,,,,
NI,NIC,558,Nicaragua,Nicaragua,Nicaragua,Nicaragua,Nicaragua (Nikaragua),尼加拉瓜 ,NI,NIC,558,,,,,R1,,,,,,,,
NL,NLD,528,Netherlands,Netherlands,"Países Bajos, Holanda",Pays-Bas,Niederlande (Holland),荷兰 ,NL,NLD,528,,,,,R1,,,,,,,,
NO,NOR,578,Norway,Norway,Noruega,Norvège,Norwegen,挪威,NO,NOR,578,,,,,R1,,,,,,,,
NP,NPL,524,Nepal,Nepal,Nepal,Népal,Nepal,尼泊尔 ,NP,NPL,524,,,,,R1,,,,,,,,
NR,NRU,520,Nauru,Nauru,Nauru,Nauru,Nauru,瑙鲁 ,NR,NRU,520,Nauru,Nauru,Republic of Nauru,Nauru,R0,,,Naoero,Repubrikin Naoero,Pleasant Island,Repubrikin Naoero,,
NU,NIU,570,Niue ,Niue,Niue,Nioué,Niue,纽埃,NU,NIU,570,Niue ,Niuē,Niue ,Niue ,R0,,,Niuē,,,,,
NZ,NZL,554,New Zealand,New Zealand,Nueva Zelanda,Nouvelle-Zélande,Neuseeland,新西兰 ,NZ,NZL,554,New Zealand,New Zealand,New Zealand,New Zealand,R1,,,Aotearoa,,,,,
OM,OMN,512,Oman,Oman,Omán,Oman,Oman,阿曼,OM,OMN,512,,,,,R1,,,,,,,,
PA,PAN,591,Panama,Panama,Panamá,Panama,Panama,巴拿马 ,PA,PAN,591,,,,,R1,,,,,,,,
PE,PER,604,Peru,Peru,Perú,Pérou,Peru,秘鲁 ,PE,PER,604,,,,,R1,,,,,,,,
PF,PYF,258,French Polynesia,French Polynesia,Polinesia Francesa,Polynésie Française,Französisch-Polynesien,法属波利尼西亚,PF,PYF,258,Polynésie française,French Polynesia,French Polynesia,Polynesie francaise,R0,,,Polynésie française,Pōrīnetia Farāni,,,,
PG,PNG,598,Papua New Guinea,Papua New Guinea,Papúa-Nueva Guinea,Papouasie-Nouvelle-Guinée,Papua-Neuguinea,巴布亚新几内亚 ,PG,PNG,598,Papua New Guinea,Papua New Guinea,Independent State of Papua New Guinea,Papua New Guinea,R0,,,Papuaniugini,Territory of Papua and New Guinea,PNG,Papua Niu Gini,,
PH,PHL,608,Philippines,Philippines,Filipinas,Philippines,Philippinen,菲律宾 ,PH,PHL,608,,,,,R1,,,,,,,,
PK,PAK,586,Pakistan,Pakistan,Pakistán,Pakistan,Pakistan,巴基斯坦 ,PK,PAK,586,,,,,R1,,,,,,,,
PL,POL,616,Poland,Poland,Polonia,Pologne,Polen,波兰 ,PL,POL,616,Republic of Poland,Poland,Republic of Poland,Poland,R1,,,Polska,Rzeczpospolita Polska,,,,
PM,SPM,666,Saint Pierre and Miquelon ,Saint Pierre and Miquelon,San Pedro y Miquelón,Saint-Pierre et Miquelo,St. Pierre und Miquelon,圣皮埃尔和密克隆,PM,SPM,666,Collectivité d'Outre-mer de Saint-Pierre-et-Miquelon,Saint-Pierre-et-Miquelon,Overseas Collectivity of Saint Pierre and Miquelon,Saint Pierre and Miquelon ,R0,,,,,,,,
PN,PCN,612,Pitcairn,Pitcairn Island,Isla Pitcairn,Pitcairn,Pitcairninseln,皮特凯恩群岛,PN,PCN,612,"Pitcairn, Henderson, Ducie, and Oeno Islands",Pitcairn Islands, Pitcairn Islands, Pitcairn Islands,R0,,,Pitkern Ailen,,,,,
PR,PRI,630,Puerto Rico,Puerto Rico,Puerto Rico,Porto Rico,Puerto Rico,波多黎各 ,PR,PRI,630,,,,,R1,,,,,,,,
PS,PSE,275,Palestinian Territory,Palestinian territories,Territorios Palestinos,Autorité Nationale Palestinienne,Palästinensische Autonomiegebiete,巴勒斯坦 ,PS,PSE,275,الأراضي الفلسطينية,الأراضي الفلسطينية,Palestinian territories,Palestinian territories,R0,,,occupied Palestinian territories,,,,,
PT,PRT,620,Portugal,Portugal,Portugal,Portugal,Portugal,葡萄牙 ,PT,PRT,620,,,,,R1,,,,,,,,
PW,PLW,585,Palau,Palau,Palau,Palaos,Palau,帕劳,PW,PLW,585,,,,,R1,,,,,,,,
PY,PRY,600,Paraguay,Paraguay,Paraguay,Paraguay,Paraguay,巴拉圭 ,PY,PRY,600,,,,,R1,,,,,,,,
QA,QAT,634,Qatar,Qatar,Qatar,Qatar,Katar,卡塔尔,QA,QAT,634,,,,,R1,,,,,,,,
RE,REU,638,Réunion,Reunion Island,Reunión,Ile de la Réunion,Réunion,留尼汪,RE,REU,638,,,,,R1,,,,,,,,
RO,ROU,642,Romania,Romania,Rumanía,Roumanie,Rumänien,罗马尼亚 ,RO,ROU,642,,,,,R1,,,,,,,,
RS,SRB,688,Serbia,Serbia,Serbia,Serbie,Serbien,塞尔维亚 ,RS,SRB,688,,,,,R1,,,,,,,,
RU,RUS,643,Russian Federation,Russia,Federación Rusa,"Russie, Fédération de",Russische Föderation (Russland),俄罗斯 ,RU,RUS,643,,,,,R1,,,,,,,,
RW,RWA,646,Rwanda,Rwanda,Ruanda,Rwanda,Ruanda,卢旺达,RW,RWA,646,"Repubulika y'u Rwanda,  République du Rwanda", U Rwanda ,Republic of Rwanda,Rwanda,R0,,,,,,,,
SA,SAU,682,Saudi Arabia,Saudi Arabia,Arabia Saudita,Arabie Saoudite,Saudi-Arabien,沙特阿拉伯 ,SA,SAU,682,,,,,R1,,,,,,,,
SB,SLB,90,Solomon Islands,Solomon Islands,Islas Salomón,"Salomon, Îles",Salomonen,所罗门群岛,SB,SLB,90,Solomon Islands,Solomon Islands,Solomon Islands,Solomon Islands,R0,,,,,,,,
SC,SYC,690,Seychelles,Seychelles,Seychelles,Seychelles,Seychellen,塞舌尔,SC,SYC,690,"République des Seychelles,Repiblik Sesel","Seychelles,Sesel",Republic of Seychelles,Seychelles,R0,,,Sesel,,,,,
SD,SDN,736,,Sudan,Sudán,Soudan,Sudan,苏丹,,,,,,,,,,,,,,,,
SE,SWE,752,Sweden,Sweden,Suecia,Suède,Schweden,瑞典 ,SE,SWE,752,,,,,R1,,,,,,,,
SG,SGP,702,Singapore,Singapore,Singapur,Singapour,Singapur,新加坡 ,SG,SGP,702,Singapore,Singapore,Republic of Singapore,Singapore,R1,,,Republik Singapura,新加坡共和国,,சிங்கப்பூர் குடியரசு,சிங்கப்பூர,
SH,SHN,654,Saint Helena,Saint Helena,Santa Helena,Île Sainte-Hélène,St. Helena,圣赫勒拿,SH,SHN,654, Ascension and Tristan da Cunha,Ascension,Saint Helena,Saint Helena,R0,,Santa Elena,Ascension and Tristan da Cunha,Saint Helena and Dependencies,Sainte-Hélène,,,
SI,SVN,705,Slovenia,Slovenia,Eslovenia,Slovénie,Slowenien,斯洛文尼亚 ,SI,SVN,705,,,,,R1,,,,,,,,
SJ,SJM,744,Svalbard and Jan Mayen Islands ,Svalbard and Jan Mayen Islands,Islas Svalbard y Jan Mayen,Svalbard et Jan Mayen,Svalbard und Jan Mayen,斯瓦尔巴特和扬马延,SJ,SJM,744,Svalbard and Jan Mayen,Svalbard and Jan Mayen,Svalbard and Jan Mayen Islands,Svalbard and Jan Mayen,R0,,,Svalbard og Jan Mayen,,,,,
SK,SVK,703,Slovakia,Slovakia (Slovak Republic),Eslovaquia,Slovaquie,Slowakei (vormals Teil der Tschechoslowakei),斯洛伐克 ,SK,SVK,703,,,,,R1,,,,,,,,
SL,SLE,694,Sierra Leone,Sierra Leone,Sierra Leona,Sierra Leone,Sierra Leone,塞拉利昂 ,SL,SLE,694,Republic of Sierra Leone,Sierra Leone,Republic of Sierra Leone,Sierra Leone,R0,,,,,,,,
SM,SMR,674,San Marino,San Marino,San Marino,Saint-Marin,San Marino,圣马力诺 ,SM,SMR,674,San Marino,San Marino,Republic of San Marino,San Marino,R0,,,Most Serene Republic of San Marino,Serenissima Repubblica di San Marino,RSM,,,
SN,SEN,686,Senegal,Senegal,Senegal,Sénégal,Senegal,塞内加尔 ,SN,SEN,686,République du Sénégal,Sénégal,Republic of Senegal,Senegal,R0,,,,,,,,
SO,SOM,706,Somalia,Somalia,Somalia,Somalie,Somalia,索马里 ,SO,SOM,706,جمهورية الصومال الفيدرالية,جمهورية الصومال الفيدرالية,Federal Republic of Somalia,Somalia,R0,,,جمهورية الصومال الفيدرالية,,,,,
SR,SUR,740,Suriname,Suriname,Surinam,Suriname,Suriname,苏里南,SR,SUR,740,Republiek Suriname,Suriname,Republic of Suriname,Suriname  ,R0,,,,,,,,
SS,SSD,728,South Sudan,South Sudan,Sudán del Sur,Soudan du Sud,Südsudan,南苏丹,SS,SSD,728, Republic of South Sudan, South Sudan, Republic of South Sudan, South Sudan,R0,,,,,,,,
ST,STP,678,Sao Tome and Principe,Sao Tome and Príncipe,Santo Tomé y Príncipe,Sao Tomé-et-Principe,São Tomé und Príncipe,圣多美普林西比 ,ST,STP,678,,,,,R1,,,,,,,,
SV,SLV,222,El Salvador,El Salvador,El Salvador,El Salvador,El Salvador,萨尔瓦多,SV,SLV,222,,,,,R1,,,,,,,,
SY,SYR,760,Syrian Arab Republic (Syria),Syria,Siria,"Syrienne, République Arabe","Syrien, Arabische Republik",叙利亚 ,SY,SYR,760,الجمهورية العربية السورية ,سوريا‎ ,Syrian Arab Republic,Syria ,R0,,,سوريا‎,,,,,
SZ,SWZ,748,Swaziland,Swaziland,Swazilandia,Swaziland,Swasiland,史瓦济兰,SZ,SWZ,748,Umbuso weSwatini,"kaNgwane ,Eswatini",Kingdom of Swaziland,Swaziland,R0,,,kaNgwane,Eswatini,,,,
TC,TCA,796,Turks and Caicos Islands ,Turks and Caicos Islands,Islas Turcas y Caicos,"Turks et Caïques, Îles",Turks- und Caicosinseln,特克斯和凯科斯群岛,TC,TCA,796,Turks and Caicos Islands,TCI,Turks and Caicos Islands,TCI,R0,,,,,,,,
TD,TCD,148,Chad,Chad,Chad,Tchad,Tschad,乍得,TD,TCD,148,"Republic of Chad, République du Tchad",Chad,Republic of Chad,Chad,R0,,,جمهورية تشاد,Jumhūrīyat Tshād,,,,
TF,ATF,260,French Southern Territories,French Southern Territories,Tierras Australes y Antárticas Francesas,Terres Australes Françaises,Französische Süd- und Antarktisgebiete,法属南部领土,TF,ATF,260,Terres australes et antarctiques françaises ,TAAF,French Southern and Antarctic Lands,TAAF,R0,,,TAAF,,,,,
TG,TGO,768,,Togo,Togo,Togo,Togo,多哥,,,,,,,,,,,,,,,,
TH,THA,764,Thailand,Thailand,Tailandia,Thaïlande,Thailand,泰国,TH,THA,764,,,,,R1,,,,,,,,
TJ,TJK,762,,Tajikistan,Tadjikistan,Tadjikistan,Tadschikistan,塔吉克斯坦,,,,,,,,,,,,,,,,
TK,TKL,772,Tokelau ,Tokelau,Tokelau,Tokelau,Tokelau,托克劳,TK,TKL,772,Tokelau,Tokelau,Tokelau,Tokelau,R0,,,,,,,,
TL,TLS,626,,East Timor Timor-Leste,Timor Oriental,Timor-Leste (Timor Oriental),Timor-Leste (Osttimor),东帝汶,,,,,,,,,,,,,,,,
TM,TKM,795,Turkmenistan,Turkmenistan,Turkmenistan,Turkménistan,Turkmenistan,土库曼,TM,TKM,795,Türkmenistan  ,Türkmenistan  ,Turkmenistan,Turkmenistan,R0,,,Türkmenistan,,,,,
TN,TUN,788,Tunisia,Tunisia,Túnez,Tunisie,Tunesien,突尼斯,TN,TUN,788,,,,,R1,,,,,,,,
TO,TON,776,Tonga,Tonga,Tonga,Tonga,Tonga,汤加,TO,TON,776,Kingdom of Tonga,Tonga,Kingdom of Tonga,Tonga,R0,,,Puleʻanga Fakatuʻi ʻo Tonga,,,,,
TR,TUR,792,Turkey,Turkey,Turquía,Turquie,Türkei,土耳其 ,TR,TUR,792,,,,,R1,,,,,,,,
TT,TTO,780,Trinidad and Tobago,Trinidad and Tobago,Trinidad y Tobago,Trinité-et-Tobago,Trinidad und Tobago,特里尼达和多巴哥,TT,TTO,780,,,,,R1,,,,,,,,
TV,TUV,798,Tuvalu,Tuvalu,Tuvalu,Tuvalu,Tuvalu,吐瓦鲁 ,TV,TUV,798,Tuvalu,Tuvalu,Tuvalu,Tuvalu,R0,,,,,,,,
TW,TWN,158,"Taiwan, Republic of China",Taiwan,Taiwan,"Taïwan, Province de Chine",Taiwan,台湾 ,TW,TWN,158,,,,,R1,,,,,,,,
TZ,TZA,834,"Tanzania, United Republic of",Tanzania,Tanzania,"Tanzanie, République-Unie de","Tansania, Vereinigte Republik",坦桑尼亚 ,TZ,TZA,834,"Tanzania, Republic of",,,,R1,,,,,,,,
UA,UKR,804,Ukraine,Ukraine,Ucrania,Ukraine,Ukraine,乌克兰,UA,UKR,804,,,,,R1,,,,,,,,
UG,UGA,800,Uganda,Uganda,Uganda,Ouganda,Uganda,乌干达 ,UG,UGA,800,Republic of Uganda,Uganda,Republic of Uganda,Uganda,R0,,,,,,,,
US,USA,840,United States of America,United States of America,Estados Unidos,États-Unis,Vereinigte Staaten (USA),美国 ,US,USA,840,United States,,,,R1,,,,,,,,
UY,URY,858,Uruguay,Uruguay,Uruguay,Uruguay,Uruguay,>乌拉圭,UY,URY,858,,,,,R1,,,,,,,,
UZ,UZB,860,Uzbekistan,Uzbekistan,Uzbekistán,Ouzbékistan,Usbekistan,乌兹别克斯坦 ,UZ,UZB,860,Uzbekistan,Uzbekistan,Republic of Uzbekistan,Uzbekistan,R0,,,Oʻzbekiston Respublikasi,Ozbekiston Republikasy,Республика Узбекистан,,,
VA,VAT,336,Holy See (Vatican City State),Holy See,"Santa Sede,  Ciudad del Vaticano",Saint-Siège (État de la Cité du Vatican),Heiliger Stuhl (Vatikanstadt),梵帝冈,VA,VAT,336,Città Del Vaticano,Heiliger Stuhl,Holy See (Vatican City State),Vatican City,R0,,Vaticano,,,,,,
VC,VCT,670,Saint Vincent and Grenadines,Saint Vincent and the Grenadines,San Vincente y Granadinas,Saint-Vincent-et-les Grenadines,St. Vincent und die Grenadinen,圣文森特和格林纳丁斯,VC,VCT,670,Saint Vincent and Grenadines,Saint Vincent,Saint Vincent and Grenadines,Saint Vincent,R0,,,,,,,,
VE,VEN,862,Venezuela (Bolivarian Republic),Venezuela,Venezuela,Venezuela,Venezuela,委内瑞拉,VE,VEN,862,,,,,R1,,,,,,,,
VG,VGB,92,British Virgin Islands,British Virgin Islands,Islas Virgenes Británicas,Îles Vierges Britanniques,Britische Jungferninseln,英属维京群岛,VG,VGB,92,British Virgin Islands,British Virgin Islands,British Virgin Islands,British Virgin Islands,R0,,,,,,,,
VI,VIR,850,"Virgin Islands, US",United States Virgin Islands,Islas Virgenes Americanas,Îles Vierges des États-Unis,Amerikanische Jungferninseln,美属维京群岛,VI,VIR,850,,,,,R1,,,,,,,,
VN,VNM,704,Viet Nam,Vietnam,Vietnam,Viêt Nam,Vietnam,越南,VN,VNM,704,,,,,R1,,,,,,,,
VU,VUT,548,Vanuatu,Vanuatu,Vanuatu,Vanuatu,Vanuatu,瓦努阿图,VU,VUT,548,"Ripablik blong Vanuatu ,République de Vanuatu  ",Vanuatu,Republic of Vanuatu,Vanuatu,R0,,,,,,,,
WF,WLF,876,,Wallis and Futuna Islands,Wallis y Futuna,Wallis et Futuna,Wallis und Futuna,瓦利斯和富图纳,,,,,,,,,,,,,,,,
WS,WSM,882,Samoa,Samoa,Samoa,Samoa,Samoa,萨摩亚 ,WS,WSM,882,Malo Saʻoloto Tutoʻatasi o Sāmoa ,Sāmoa,Independent State of Samoa,Samoa,R0,,,,,,,,
YE,YEM,887,Yemen,Yemen,Yemen,Yémen,Jemen,也门 ,YE,YEM,887,الجمهورية اليمنية,اليَمَن‎,Republic of Yemen,Yemen,R0,,,,,,,,
YT,MYT,175,Mayotte,Mayotte,Mayotte,Mayotte,Mayotte,马约特,YT,MYT,175,,,,,R1,,,,,,,,
ZA,ZAF,710,South Africa,South Africa,Sudáfrica,Afrique du Sud,Südafrika,南非 ,ZA,ZAF,710,,,,,R1,,,,,,,,
ZM,ZMB,894,Zambia,Zambia,Zambia,Zambie,Sambia,赞比亚 ,ZM,ZMB,894,Republic of Zambia,Zambia,Republic of Zambia,Zambia,R0,,,,,,,,
ZW,ZWE,716,Zimbabwe,Zimbabwe,Zimbabwe,Zimbabwe,Simbabwe,津巴布韦,ZW,ZWE,716,,,,,R1,,,,,,,,
