2 Char ISO,3 Char ISO,ISO Numeric Code,Country Name,English1,Spanish1,French,German,SimplifiedChinese,ISO Alpha-2 code,ISO Alpha-3 code,ISO Numeric Code1,Official Name,Short Form,International Long  Form,International Short Form,Country Type (R0/R1),Misspell1,Misspell2,Variation1,Variation2,Variation3,Variation4,Variation5,Variation6
AD,AND,20,Andorra,Andorra,Andorra,Andorre,Andorra,安道尔,AD,AND,20,Principat d'Andorra,Andorra,Principality of Andorra,Andorra,R0,Andora,Andóra,Principality of the Valleys of Andorra,,,,,
AE,ARE,784,United Arab Emirates,United Arab Emirates,Emiratos Árabes Unidos,Émirats Arabes Unis,Vereinigte Arabische Emirate,阿拉伯联合酋长国 ,AE,ARE,784,United Arab Emirates,Arab Emirates,United Arab Emirates,UAE,R1,Arab Emirates,Emiratos Arabes,Emirados Árabes Unidos ,Emiratet e Bashkuara Arabe,Forenede Arabiske Emirater,,,
AF,AFG,4,Afghanistan,Afghanistan,Afganistán,Afghanistan,Afghanistan,阿富汗,AF,AFG,4,Jomhuri-ye Eslami-ye Afghanestan,Afghanestan, Islamic Republic of Afghanistan,Afghanistan,R0,Afganistani,Afganistan,افغانستان‎,Afġānistān,Afġānestān,د افغانستان اسلامي جمهوریت,Da Afġānistān Islāmī Jumhoryat,جمهوری اسلامی افغانستان
AG,ATG,28,Antigua and Barbuda,Antigua and Barbuda,Antigua y Barbuda,Antigua-et-Barbuda,Antigua und Barbuda,安提瓜和巴布达,AG,ATG,28,Antigua and Barbuda,Barbuda,Antigua and Barbuda,Antigua en Barbuda,R0,Antigua,Antigua e Barbuda ,,,,,,
AI,AIA,660,Anguilla,Anguilla,Anguilla,Anguilla,Anguilla,安圭拉,AI,AIA,660,Anguilla,Anguilla,Anguilla,Anguilla,R0,Anguila,Enguilla,Anguille,,,,,
AL,ALB,8,Albania,Albania,Albania,Albanie,Albanien,阿尔巴尼亚,AL,ALB,8, Republika e Shqiperise,Shqiperise,Republic of Albania,Albania,R0,Albani,Albana,Shqipëri,Shqipëria,Shqipni,,,
AM,ARM,51,Armenia,Armenia,Armenia,Arménie,Armenien,亚美尼亚,AM,ARM,51,"Հայաստանի Հանրապետություն,Hayastani Hanrapetut’yun",Հայաստան,Republic of Armenia,Armenia,R0,Armenian Soviet Socialist Republic,Armenian,Հայաստան,,,,,
AN,ANT,530,Netherlands Antilles,Netherlands Antilles,Antillas Holandesas,Antilles Néerlandaises,Niederländische Antillen,,AN,ANT,530,Netherlands Antilles,Netherlands Antilles,Netherlands Antilles,Netherlands Antilles,R0,Dutch Antilles,Antilles,Nederlandse Antillen,Antia Hulandes,Dutch Antilles,The Netherlands,,
AO,AGO,24,Angola,Angola,Angola,Angola,Angola,安哥拉 ,AO,AGO,24,Angola,Angola,Republic of Angola,,R1,Engola,Angula,Colonia de Angola,Província de Angola,República Popular de Angola,,,
AQ,ATA,10,Antarctica,Antarctica,Antártida,Antarctique,Antarktis,南极洲,AQ,ATA,10,Antarctica,Antarctica,Antarctica,Antarctica,R0,Antarctika,Antartica,Antarktis,Antartika,,,,
AR,ARG,32,Argentina,Argentina,Argentina,Argentine,Argentinien,阿根廷 ,AR,ARG,32,Argentine Republic,Argentina,Republica de Argentina,Argentina,R1,República Argentina,Arjentina,La Argentina,,,,,
AS,ASM,16,American Samoa,American Samoa,Samoa Americana,Samoa Américaines,Amerikanisch-Samoa,萨摩亚,AS,ASM,16,Territory of American Samoa,Amerikanska Samoa,Territory of American Samoa,Samoa,R1,Eastern Samoa,Samoa Amerikana,,,,,,
AT,AUT,40,Austria,Austria,Austria,Autriche,Österreich,奥地利,AT,AUT,40,Republic of Austria,Austria,Republic of Austria,Austria,R1,Astria,Osterreich,Austrie,,,,,
AU,AUS,36,Australia,Australia,Australia,Australie,Australien,澳大利亚,AU,AUS,36,Commonwealth of Australia,Australia,Commonwealth of Australia,,R1,Australis,,,,,,,
AW,ABW,533,Aruba,Aruba,Aruba,Aruba,Aruba,阿鲁巴 ,AW,ABW,533,Aruba,Aruba,Aruba,Aruba,R0,,,,,,,,
AX,ALA,248,Åland Islands,Aland Islands,Islas Åland,Îles Åland,Alandinseln,奧蘭群島,AX,ALA,248,Åland Islands,Åland,Åland Islands,Åland,R0,,Iles Aland,Landskapet Åland,Ahvenanmaan maakunta,Aland Island,Aland,Islas Aland,Isla Aland
AZ,AZE,31,Azerbaijan,Azerbaijan,Azerbaiyán,Azerbaïdjan,Aserbaidschan,阿塞拜疆,AZ,AZE,31,Azerbaijan,Azerbaijan,Republic of Azerbaijan,Azerbaijan,R0,,,Azərbaycan Respublikası,Azərbaycan,Azarbaycan Respublikasi,Azarbaycan,Republik Azarbaijchan,Azarbaijchan
BA,BIH,70,Bosnia and Herzegovina,Bosnia and Herzegovina,Bosnia-Herzegovina,Bosnie-Herzégovine,Bosnien und Herzegovina,波斯尼亚 - 黑塞哥维那,BA,BIH,70,Bosnia and Herzegovina,B&H,Bosnia and Serbian,Bosnia,R1,Bosna,Hezegovina,,,,,,
BB,BRB,52,Barbados,Barbados,Barbados,Barbade,Barbados,巴巴多斯,BB,BRB,52,Barbados,Barbados,Barbados,Barbados,R0,,,Barbadoes,,,,,
BD,BGD,50,Bangladesh,Bangladesh,Bangladesh,Bangladesh,Bangladesch,孟加拉国 ,BD,BGD,50,People's Republic of Bangladesh,Bangladesh,Republic of Bangladesh,The Country of Bengal,R1,Bengal,Bengai,,,,,,
BE,BEL,56,Belgium,Belgium,Bélgica,Belgique,Belgien,比利时,BE,BEL,56,Kingdom of Belgium,Belgium,,,R1,Belgum,,,,,,,
BF,BFA,854,Burkina Faso,Burkina Faso,Burkina Faso,Burkina Faso,Burkina Faso (Obervolta - 1984),布基纳法索 ,BF,BFA,854,"Republic of Burkina Faso, République de Burkina Faso",Burkina Faso,Burkina Faso,Burkina Faso,R0,,,,,,,,
BG,BGR,100,Bulgaria,Bulgaria,Bulgaria,Bulgarie,Bulgarien,保加利亚 ,BG,BGR,100,Republika Bulgariya,Bulgariya,Republic of Bulgaria,Bulgaria,R1,,,,,,,,
BH,BHR,48,Bahrain,Bahrain,Bahrein,Bahreïn,Bahrain (Bahrein),巴林 ,BH,BHR,48,Kingdom of Bahrain,Bahrain,,,R1,Barain,Bharain,,,,,,
BI,BDI,108,Burundi,Burundi,Burundi,Burundi,Burundi,蒲隆地,BI,BDI,108,"République du Burundi, Republika y’Uburundi",Burundi,Republic of Burundi,Burundi,R0,,,,,,,,
BJ,BEN,204,Benin,Benin,Benín,Bénin,Benin,贝宁,BJ,BEN,204,République du Bénin,Bénin, Republic of Benin,Benin,R0,,,,,,,,
BL,BLM,652,Saint-Barthélemy,Saint Barthélemy,San Barthélemy,Saint-Barthélemy,Saint-Barthélemy,圣巴泰勒米,BL,BLM,652,Collectivité territoriale de Saint-Barthélemy,Saint-Barthélemy, Territorial collectivity of Saint-Barthélemy ,Saint-Barthélemy ,R0,,,Ouanalao,,,,,
BM,BMU,60,Bermuda,Bermuda,Bermudas,Bermudes,Bermuda,百慕达群岛 ,BM,BMU,60,Bermuda,Bermuda,Bermuda,Bermuda,R0,,,,,,,,
BN,BRN,96,Brunei Darussalam,Brunei Darussalam,Brunei Darussalam,Brunéi Darussalam,Brunei (Brunei Darussalam),文莱达鲁萨兰国 ,BN,BRN,96,"State of Brunei Darussalam, Negara Brunei Darussalam",Brunei,"Nation of Brunei, the Abode of Peace",Brunei,R0,,,Brunei,نڬارا بروني دارالسلام,,,,
BO,BOL,68,Bolivia,Bolivia,Bolivia,Bolivie,Bolivien,玻利维亚 ,BO,BOL,68,Plurinational State of Bolivia,Bolivia,State of Boliva,Bolivia,R1,Bolivar,Boliva,,,,,,
BQ,BES,224,"Bonaire, Sint Eustatius And Saba","Bonaire, Sint Eustatius And Saba","Bonaire, San Estaquio y Saba","Bonaire, Saint-Eustache et Saba",Bonaire,博奈尔岛、圣尤斯达蒂斯和萨巴,BQ,BES,224,Caribbean Netherlands,Bonaire,,,,,,,,,,,
BR,BRA,76,Brazil,Brazil,Brasil,Brésil,Brasilien,巴西,BR,BRA,76,Federative Republic of Brazil,Brazil,Republic of Brazil,Brazil,R1,Brozil,Brosil,,,,,,
BS,BHS,44,Bahamas,Bahamas,Bahamas,Bahamas,Bahamas,巴哈马 ,BS,BHS,44,Commonwealth of the Bahamas,The Bahamas,Commonwealth of the Bahamas,Bahamas,R1,Bohamas,Las Bahamas,,,,,,
BT,BTN,64,Bhutan,Bhutan,Bután,Bhoutan,Bhutan,不丹,BT,BTN,64,Druk Gyalkhap, Druk Yul,Kingdom of Bhutan,Bhutan,R0,Druk Gyalkhap,Butan,འབྲུག་རྒྱལ་ཁབ་,Druk Gyal Khap,,Druk Yul,,
BV,BVT,74,Bouvet Island,Bouvet Island,Isla Bouvet,Îles Bouvet,Bouvetinsel,,BV,BVT,74,Bouvet Island ,Bouvet Island ,Bouvet Island ,Bouvet Island ,R0,Bouvet,Bovet,Bouvetøya,Bouvet-øya,,,,
BW,BWA,72,Botswana,Botswana,Botswana,Botswana,Botswana,博茨瓦纳 ,BW,BWA,72, Lefatshe la Botswana,Botswana,Republic of Botswana, Botswana,R0,,,Republic of Botswana,,,,,
BY,BLR,112,Belarus,Belarus,Bielorrusia,Bélarus,Weißrußland (Belarus),白俄罗斯 ,BY,BLR,112,Republic of Belarus,Byelorussia,,Belarus,R1,Belorussia,,Republica de Belarus,,,,,
BZ,BLZ,84,Belize,Belize,Belice,Belize,Belize,伯利兹,BZ,BLZ,84,Belize,,,,R1,,,,,,,,
CA,CAN,124,Canada,Canada,Canadá,Canada,Kanada,加拿大 ,CA,CAN,124,Canada,,,,R1,,,,,,,,
CC,CCK,166,Cocos (Keeling) Islands,Cocos (Keeling) Islands,Islas Cocos,Îles Cocos (Keeling),Kokosinseln (Keeling),科科斯群岛,CC,CCK,166,Territory of Cocos (Keeling) Islands,Cocos,Territory of Cocos Islands,Keeling,R1,Coco,Keling,,,,,,
CD,COD,180,"Congo, (Kinshasa)",Democratic Republic of Congo (Kinshasa),República Democratica del Congo,La République Démocratique du Congo,Demokratische Republik Kongo,刚果民主共和国,CD,COD,180,Republic of the Congo-Leopoldville,DR Congo,DRC,République du Congo,R0,The Congo,,Congo-Kinshasa,DRC,DROC,,,Congo-Kinshasa
CF,CAF,140,Central African Republic,Central African Republic,República Centroafricana,"Centrafricaine, République",Zentralafrikanische Republik,中非共和国,CF,CAF,140,"République Centrafricaine, Ködörösêse tî Bêafrîka",Central African Republic,Central African Republic,Central African Republic,R0,,,CAR,,,,,
CG,COG,178,Congo (Brazzaville),Republic of Congo (Brazzaville),República del Congo ,République du Congo,Republik Kongo,刚果共和国,CG,COG,178,Republic of the Congo,The Congo,Congo Republic,,R1,,,Congo-Brazzaville,,,,,
CH,CHE,756,Switzerland,Switzerland,Suiza,Suisse,Schweiz,瑞士,CH,CHE,756,Swiss Confederation,Swiss,,,R1,Switserland,Swiza,,,,,,
CI,CIV,384,Côte d'Ivoire,Ivory Coast (Cote d'Ivoire),Costa de Marfil,Côte D'ivoire,Côte d'Ivoire (Elfenbeinküste),科特迪瓦 ,CI,CIV,384,République de Côte d'Ivoire ,Cote d'Ivoire,Republic of Cote d'Ivoire,Cote d'Ivoire,R0,,,Cote d'Ivoire,,,,,
CK,COK,184,Cook Islands ,Cook Islands,Islas Cook,Îles Cook,Cookinseln,库克群岛,CK,COK,184,Cook Islands,Cook Islands,Cook Islands,Cook Islands,R0,,,Kūki 'Āirani,,,,,
CL,CHL,152,Chile,Chile,Chile,Chili,Chile,智利 ,CL,CHL,152,Republic of Chile,Chile,,Republica de Chile,R1,Chili,,,,,,,
CM,CMR,120,Cameroon,Cameroon,Camerún,Cameroun,Kamerun,喀麦隆,CM,CMR,120,Republic of Cameroon,Cameroon,Republic of Cameroon,Cameroon,R0,Camerun,Cameroun,République du Cameroun,,,,,
CN,CHN,156,China,China,China,Chine,China,"中国, 中华 ",CN,CHN,156,People's Republic of China,PRC,China,Republic of China,R1,,,,,,,,
CO,COL,170,Colombia,Colombia,Colombia,Colombie,Kolumbien,哥伦比亚 ,CO,COL,170,Republic of Colombia,Colombia,,Republica de Colombia,R1,Colonbia,Kolombia,,,,,,
CR,CRI,188,Costa Rica,Costa Rica,Costa Rica,Costa Rica,Costa Rica,哥斯达黎加,CR,CRI,188,Republic of Costa Rica,Costa Rica,,Republica de Costa Rica,R1,Kosta Rica,CR,,,,,,
CU,CUB,192,Cuba,Cuba,Cuba,Cuba,Kuba,古巴 ,CU,CUB,192,Republic of Cuba,,,Republica de Cuba,R1,Isla de Cuba,Kuba,,,,,,
CV,CPV,132,Cape Verde,Cape Verde,Cabo Verde,Cap-Vert,Kap Verde,佛得角,CV,CPV,132,Republic of Cabo Verde,Cabo Verde,Republic of Cabo Verde,República de Cabo Verde,R0,Cavo Verde,Cape Verde,República de Cabo Verde,Repúblika de Kabu Verdi,,,,
CX,CXR,162,Christmas Island,Christmas Island,Isla De Navidad,Île Christmas,Weihnachtsinsel,圣诞岛,CX,CXR,162,Territory of Christmas Island,,,,R1,Isla Christmas,Christmas Islands,,,,,,
CY,CYP,196,Cyprus,Cyprus,Chipre,Chypre,Zypern,塞浦路斯 ,CY,CYP,196,Republic of Cyprus,Cyprus,,,R1,Cipros,Saipres,,,,,,
CZ,CZE,203,Czech Republic,Czech Republic,República Checa,République Tchèque,Tschechien (Tschechische Republik),捷克共和国 ,CZ,CZE,203,Česká republika,Czechia,Czech Republic,Česká republika,R1,Checoslovaquia,Czechoslovakia,Czechia,Česká republika,Check,,,
CW,CUW,531,Curaçao,Curacao,Curazao,Curacao,Land Curaçao,,CW,CUW,531,Country of Curaçao,Curaçao,,Curaçao,,Curazao,,,,,,,
DE,DEU,276,Germany,Germany,Alemania,Allemagne,Deutschland,德国,DE,DEU,276,Federal Republic of Germany,Deutschaland,,,R1,Dutschland,Deutsland,,,,,,
DJ,DJI,262,Djibouti,Djibouti,"Djibouti, Yibuti",Djibouti,Dschibuti,吉布提,DJ,DJI,262,"République de Djibouti ,  مهورية جيبوتي  ",Djibouti,Republic of Djibouti,مهورية جيبوتي  ,R0,Gabuuti,Djinuti,يبوتي‎ ,Jamhuuriyadda Jabuuti,Jumhouriyya Djibouti,Jibuti (Arabic),جيبوتي,
DK,DNK,208,Denmark,Denmark,Dinamarca,Danemark,Dänemark,丹麦,DK,DNK,208,Kingdom of Denmark,,,,R1,Reinado de Dinamarca,Dinamarka,,,,,,
DM,DMA,212,Dominica,Dominica,Dominica,Dominique,Dominica,多米尼克 ,DM,DMA,212,Commonwealth of Dominica,Dominica,Commonwealth of Dominica,Dominica,R0,Dominika,,,,,,,
DO,DOM,214,Dominican Republic,Dominican Republic,República Dominicana,République Dominicaine,Dominikanische Republik (Dom Rep),多米尼加共和国,DO,DOM,214,Dominican Republic,DR,,,R1,Republica Dominican,,,,,,,
DZ,DZA,12,Algeria,Algeria,Argelia,Algérie,Algerien,阿尔及利亚,DZ,DZA,12,People's Democratic Republic of Algeria,Algeria,,Republic of Algeria,R1,Aljeria,Algeri,,,,,,
EC,ECU,218,Ecuador,Ecuador,Ecuador,Équateur,Ecuador,厄瓜多尔,EC,ECU,218,Republic of Ecuador,Ecuador,,Republica del Ecuador,R1,Ecuadore,Equador,,,,,,
EE,EST,233,Estonia,Estonia,Estonia,Estonie,Estland,爱沙尼亚,EE,EST,233,Republic of Estonia,,,,R1,Eesti,Ehstonia,,,,,,
EG,EGY,818,Egypt,Egypt,Egipto,Égypte,Ägypten,埃及,EG,EGY,818,Arab Republic of Egypt,,,Republic of Egypt,R1,Egipt,Egypto,,,,,,
EH,ESH,732,Western Sahara,Western Sahara,Sáhara Occidental ,Sahara Occidental,Westsahara,西撒哈拉,EH,ESH,732, Taneẓroft Tutrimt ,,Western Sahara,الصحراء الغربية‎         ,R0,Saara,,الصحراء الغربية‎,,,,,
ER,ERI,232,Eritrea,Eritrea,Eritrea,Érythrée,Eritrea,厄立特里亚,ER,ERI,232,Satate of Eritrea, ኤርትራ,Hagere Ertra,"ሃገረ ኤርትራ , دولة إرتريا",R0,Eritre,,Etra,Iertra,Irītriyā (Arabic),إريتريا,,
ES,ESP,724,Spain,Spain,España,Espagne,Spanien,西班牙 ,ES,ESP,724,Kingdom of Spain,Spain,,,R1,Espana,Spana,,,,,,
ET,ETH,231,Ethiopia,Ethiopia,Etiopía,Éthiopie,Äthiopien,埃塞俄比亚,ET,ETH,231, Federal Democratic Republic of Ethiopia, ኢትዮጵያ,Republic of Ethiopia,የኢትዮጵያ ፌዴራላዊ ዴሞክራሲያዊ ሪፐብሊክ,R0,Ethipia,,Ītyōṗṗyā,,,,,
FI,FIN,246,Finland,Finland,Finlandia,Finlande,Finnland,芬兰,FI,FIN,246,Republic of Finland,Finland,Republic of Finland,Suomen tasavalta,R1,Finlan,,Suomi,Republiken Finland,Suomen tasavalta,,,
FJ,FJI,242,Fiji,Fiji,Fiyi,Fidji,Fidschi,斐济,FJ,FJI,242,Republic of Fiji,Fiji,Republic of Fiji,Fiji,R0,Fijian,,Matanitu Tugalala o Viti,Viti,फ़िजी गणराज्य,,,
FK,FLK,238,Falkland Islands (Malvinas) ,Falkland Islands,Islas Malvinas,"Falkland, Îles (Malvinas)",Falklandinseln (Malvinen),马尔维纳斯群岛,FK,FLK,238,Falkland Islands,Falkland Islands,Falkland Islands,Falkland Islands,R0,Malvianas,,Malvinas,,,,,
FM,FSM,583,Micronesia,Micronesia,Estados Federados de Micronesia,États Fédérés de Micronésie,"Mikronesien, Föderierte Staaten von",密克罗尼西亚,FM,FSM,583,Federated States of Micronesia,Micronesia,FSM,States of Micronesia,R1,Micronesa,,,,,,,
FO,FRO,234,Faroe Islands,Faroe Islands,Islas Feroe,Îles Féroé,Färöer (Färöer-Inseln),法罗群岛,FO,FRO,234,Faeroe Islands,Foroyar,Faroe Islands,Faroe Islands,R0,Faeroe,Iles Feroe,Føroyar,,,,,
FR,FRA,250,France,France,Francia,France,Frankreich,法国,FR,FRA,250,French Republic,La France,French Republic,République Française,R1,Fransia,,Republique Francaise,,,,,
GA,GAB,266,Gabon,Gabon,Gabón,Gabon,Gabun,加蓬,GA,GAB,266,Gagonese Republic,Gabon,Gabonese Republic,République gabonaise,R0,Gabone,,,,,,,
GB,GBR,826,United Kingdom,Great Britain,Gran Bretaña,Grande-Bretagne,Großbritannien,英国,GB,GBR,826,United Kingdom of Great Britain,Royaume-Uni,Reino Unido,United Kingdom,R1,Gran Bretana,,Vereinigtes Königreich,,,,,
GD,GRD,308,Grenada,Grenada,Granada,Grenade,Grenada,格陵兰,GD,GRD,308,Grenada,Grenada,Grenada,Island of Grenada,R0,Granada,,La Grenade,,,,,
GE,GEO,268,Georgia,Georgia,Georgia,Géorgie,Georgien,格鲁吉亚,GE,GEO,268,Georgia,Georgia, Republic of Georgia,საქართველო,R0,Georga,,Sakartvelos,Sakartvelos Respublika,,,,
GF,GUF,254,French Guiana,French Guiana,Guayana Francesa,Guyane Française,Französisch-Guayana,法屬圭亞那,GF,GUF,254,Guiana,Guinea,,,R1,Guina,,,,,,,
GG,GGY,831,Guernsey,Guernsey,Guernesey,Bailliage de Guernesey,Guernsey,格恩西岛,GG,GGY,831,Guernsey,Guernsey,Guernsey,Bailiwick of Guernsey,R0,Gernesey,Guernsy,,,,,,
GH,GHA,288,Ghana,Ghana,Ghana,Ghana,Ghana,加纳,GH,GHA,288,Republic of Ghana,,,,,Gana,Ghania,,,,,,
GI,GIB,292,Gibraltar ,Gibraltar,Gibraltar,Gibraltar,Gibraltar,直布罗陀,GI,GIB,292,Gibraltar ,Gibraltar ,Gibraltar ,Gibraltar ,R0,Gibaltar,,,,,,,
GL,GRL,304,Greenland,Greenland,Groenlandia,Groenland,Grönland,格陵兰,GL,GRL,304,Greenland,Greenland,Greenland,Kalaallit Nunaat,R0,Gronland,Groenlanda,Kalaallit Nunaat,,,,,
GM,GMB,270,Gambia,Gambia,Gambia,Gambie,Gambia,冈比亚,GM,GMB,270,Republic of the Gambia,Gambia,Republic of The Gambia,The Gambia,R0,Gamba,,The Islamic Republic of The Gambia,,,,,
GN,GIN,324,Guinea,Guinea,República Guinea,Guinéee,Guinea,几内亚,GN,GIN,324,Republic of Guinea, Guinée,Republic of Guinea,République de Guinée,R0,Guina,,Guinea-Conakry,République de Guinée,,,,
GP,GLP,312,Guadeloupe,Guadeloupe,Guadalupe,Guadeloupe,Guadeloupe,瓜德罗普岛,GP,GLP,312,Guadeloupe,Gwadloup,,,R1,Guadaloupe,,Antillean Creole,,,,,
GQ,GNQ,226,Equatorial Guinea,Equatorial Guinea,Guinea Ecuatorial,Guinée Équatoriale,Äquatorialguinea,赤道几内亚,GQ,GNQ,226,Republic of Equatorial Guinea,EG,Equatorial Guinea,"República de Guinea Ecuatorial, République de Guinée équatoriale, República da Guiné Equatorial",R0,Equatorial Guine,Guinea Equatorial,Guinée équatoriale,Guiné Equatorial,,,,
GR,GRC,300,Greece,Greece,Grecia,Grèce,Griechenland,希腊,GR,GRC,300,Hellenic Republic,,,Hellas,R1,Greese,Gris,,,,,,
GS,SGS,239,South Georgia and the South Sandwich Islands,South Georgia and the South Sandwich Islands,Islas Georgias del Sur y Sandwich del Sur,Géorgie du Sud et îles Sandwich du Sud,Südgeorgien und die südlichen Sandwichinseln,南乔治亚岛和南桑威齐群岛,GS,SGS,239,South Georgia and the South Sandwich Islands,SGSSI,South Georgia and the South Sandwich Islands,SGSSI,R0,South Gorgia,,,,,,,
GT,GTM,320,Guatemala,Guatemala,Guatemala,Guatemala,Guatemala,危地马拉 (瓜地馬拉),GT,GTM,320,Republic of Guatemala,,Guatemala,Republica de Guatemala,R1,Gwatemala,Gatemala,,,,,,
GU,GUM,316,Guam,Guam,Guam,Guam,Guam,关岛,GU,GUM,316,Guam,,,,R1,Guan,,,,,,,
GW,GNB,624,Guinea-Bissau,Guinea-Bissau,Guinea Bissau,Guinée-Bissau,Guinea-Bissau,几内亚比绍,GW,GNB,624,Republic of Guinea-Bissau,,,Guinea-Bissau,,Guinea Bisau,,,,,,,
GY,GUY,328,Guyana,Guyana,Guyana,Guyana,Guyana,圭亚那 ,GY,GUY,328,Co-operative Republic of Guyana,Guyana,Guyana,Guyana,R0,Guayana,,,,,,,
HK,HKG,344,"Hong Kong, SAR China",Hong Kong,Hong Kong,Hong-Kong,Hongkong,香港,HK,HKG,344,Hong Kong Special Administrative Region of the People's Republic of China,,,People's Republic of China,R1,Hon Kong,,,,,,,
HM,HMD,334,Heard and Mcdonald Islands,Heard and Mcdonald Islands,Heard e Islas Mcdonald,Heard et Île Mcdonald,Heard und die Mcdonaldinseln,,HM,HMD,334,Territory of Heard Island and McDonald Islands,HIMI,Territory of Heard Island and McDonald Islands,Heard Island and McDonald Islands,R0,Islas Hear y MacDonal,,,,,,,
HN,HND,340,Honduras,Honduras,Honduras,Honduras,Honduras,洪都拉斯 ,HN,HND,340,Republic of Honduras,Honduras,,,R1,Hunduras,Onduras,,,,,,
HR,HRV,191,Croatia,Croatia,Croacia,Croatie,Kroatien,克罗地亚 ,HR,HRV,191,Republic of Croatia,Croatia,Republic of Croatia,Croatia,R1,Croecia,Croetia,Hrvatska,Republika Hrvatska,,,,
HT,HTI,332,Haiti,Haiti,Haiti,Haïti,Haiti,海地,HT,HTI,332,Republic of Haiti,Haiti,,,,Hayti,Aiti,République d'Haiti,,,,,
HU,HUN,348,Hungary,Hungary,Hungría,Hongrie,Ungarn,匈牙利,HU,HUN,348,Hungary,Hongaria,Ungarn ,,,Ungari,Hungaria,,,,,,
ID,IDN,360,Indonesia,Indonesia,Indonesia,Indonésie,Indonesien,"印度尼西亚, 印尼 ",ID,IDN,360,Republic of Indonesia,,,Indonesia,R1,Indonisia,Indonizia,,,,,,
IE,IRL,372,Ireland,Ireland,Irlanda,Irlande,Irland,爱尔兰,IE,IRL,372,Republic of Ireland,Ierland,,,R1,Irlandia,Irelanda,,,,,,
IL,ISR,376,Israel,Israel,Israel,Israël,Israel,以色列 ,IL,ISR,376,State of Israel,Israel,,,R1,Izrael,,إِسْرَائِيل‎,,,,,
IM,IMN,833,Isle of Man ,Isle of Man,Isla de Man,Île de Man,Insel Man,曼岛,IM,IMN,833,Isle of Man,Mann,,Man,R1,Manin,Men,,,,,,
IN,IND,356,India,India,India,Inde,Indien,印度,IN,IND,356,Republic of India,India,,,R1,Indea,,Bhārat Gaṇarājya,,,,,
IO,IOT,86,British Indian Ocean Territory,British Indian Ocean Territory,Territorio Británico en el Océano Índico,Territoire britannique de l'océan Indien,Britisches Territorium im Indischen Ozean,英属印度洋领地,IO,IOT,86,British Indian Ocean Territory,BIOT,British Indian Ocean Territory,British Indian Ocean Territory,R0,,,BIOT,,,,,
IQ,IRQ,368,Iraq,Iraq,Iraq,Iraq,Irak,伊拉克 ,IQ,IRQ,368,Republic of Iraq,"العراق,كۆماريى عێراق",Republic of Iraq,Iraq,R0,,جمهورية العـراق,العراق,كۆماريى عێراق,,,,
IR,IRN,364,Iran,Iran,Irán,République Islamique d' Iran,"Iran, Islamische Republik",伊朗,IR,IRN,364,Islamic Republic of Iran,Persia,,Iran,R1,Airan,,جمهوری اسلامی ایران,,,,,
IS,ISL,352,Iceland,Iceland,Islandia,Islande,Island,冰岛 ,IS,ISL,352,Lýðveldið Ísland,Ísland,Republic of Iceland,Iceland,R1,Icelandia,,Ísland,Lýðveldið Ísland,,,,
IT,ITA,380,Italy,Italy,Italia,Italie,Italien,意大利,IT,ITA,380,Italian Republic,,,Italy,R1,Italya,,,,,,,
JE,JEY,832,Jersey,Jersey,Isla de Jersey,Jersey,Jersey,泽西岛,JE,JEY,832,Bailiwick of Jersey,,,Jèrriais,R1,,,,,,,,
JM,JAM,388,Jamaica,Jamaica,Jamaica,Jamaïque,Jamaika,牙买加,JM,JAM,388,Jamaica,Jamaica,Jamaica,Jamaica,R0,Jamaika,,,,,,,
JO,JOR,400,Jordan,Jordan,Jordania,Jordanie,Jordanien,约旦,JO,JOR,400,Hashemite Kingdom of Jordan, Kingdom of Jordan,,Jordan,R1,Jordán,,,,,,,
JP,JPN,392,Japan,Japan,Japón,Japon,Japan,日本,JP,JPN,392,Japan,Nihon-koku,Nippon,Japan,R1,Nihon,Nippon,,,,,,
KE,KEN,404,Kenya,Kenya,Kenia,Kenya,Kenya,肯尼亚,KE,KEN,404,Republic of Kenya,,Kenya,,R1,Kena,,,,,,,
KG,KGZ,417,Kyrgyzstan,Kyrgyzstan,Kirguistán,Kirghizistan,Kirgisistan,吉尔吉斯斯坦 ,KG,KGZ,417,Kyrgyz Republic,Кыргызстан,Kyrgyz Republic,Kyrgyzstan,R0,Kirgistan,Kyrgistan,Кыргызстан,Кыргызская Республика,,,,
KH,KHM,116,Cambodia,Cambodia,Camboya,Cambodge,Kambodscha,柬埔寨 ,KH,KHM,116,Kingdom of Cambodia,Kampuchea,,Khmer,R1,Canbodia,,,,,,,
KI,KIR,296,Kiribati,Kiribati,Kiribati,Kiribati,Kiribati,基里巴斯 ,KI,KIR,296,Republic of Kiribati,Kiribati,Ribaberiki Kiribati,Kiribati,R0,Kribati,,Ribaberiki Kiribati,,,,,
KM,COM,174,Comoros,Comoros,Comores,Comores,Komoren,科摩罗,KM,COM,174,Union of the Comoros,Comoros,Udzima wa Komori,Comoros,,Komoros,,جزر القمر,Qamar,,,,
KN,KNA,659,Saint Kitts and Nevis,Saint Kitts and Nevis,San Cristobal y Nevis,Saint-Kitts-et-Nevis,St. Kitts und Nevis,圣基茨和尼维斯,KN,KNA,659,Federation of Saint Kitts and Nevis ,Saint Kitts and Nevis,The Federation of Saint Kitts and Nevis ,Saint Kitts and Nevis,R0,Kitts and Nevis,,Federation of Saint Christopher and Nevis,,,,,
KP,PRK,408,Korea (North),"Korea, Democratic People's Rep. (North Korea)",Corea del Norte,"Corée, République Populaire Démocratique de","Korea, Demokratische Volksrepublik (Nord Korea)","北韩, 北朝鲜",KP,PRK,408,Democratic People's Republic of Korea,DPR Korea,Democratic People's Republic of Korea,DPRK,R0,PRK,,조선민주주의인민공화국,Chosŏn Minjujuŭi Inmin Konghwaguk,,,,
KR,KOR,410,Korea (South),"Korea, Republic of (South Korea)",Corea del Sur,République de Corée,Republik Korea (Süd Korea),"韩国, 光州",KR,KOR,410,Republic of Korea,,,Korea,R1,,Koria,Daehan Minguk,대한민국,,,,
KW,KWT,414,Kuwait,Kuwait,Kuwait,Koweït,Kuwait,科威特,KW,KWT,414,State of Kuwait,Kuwait,,Kuwait,R1,Kuweit,,Dawlat al-Kuwait,,,,,
KY,CYM,136,Cayman Islands ,Cayman Islands,Islas Caimán,"Caïmanes, Îles",Kaimaninseln,開曼群島,KY,CYM,136,Cayman Islands ,Cayman Islands ,Cayman Islands ,Cayman Islands ,R0,Keiman,,,,,,,
KZ,KAZ,398,Kazakhstan,Kazakhstan,Kazajstán,Kazakstan,Kasachstan,哈萨克斯坦 ,KZ,KAZ,398,Republic of Kazakhstan, Kazak,Republic of Kazakhstan,Kazakhstan,R0,Qazaqstan,,Қазақстан Республикасы,Qazaqstan Respy'bli'kasy,Республика Казахстан,Respublika Kazakhstan,,
LA,LAO,418,Lao PDR,Laos,República Democrática Popular Lao,République Démocratique Populaire Lao,"Laos, Demokratische Volksrepublik",老挝,LA,LAO,418,Lao People's Democratic Republic,Laos,Lao People's Democratic Republic,Lao PDR,R0,Laus,,Muang Lao,ສາທາລະນະລັດ ປະຊາທິປະໄຕ ປະຊາຊົນລາວ,Sathalanalat Paxathipatai Paxaxon Lao,,,
LB,LBN,422,Lebanon,Lebanon,Líbano,Liban,Libanon,黎巴嫩 ,LB,LBN,422,Lebanese Republic,Lebanon,,Liban,R1,Libanon,,لبنان‎ Lubnān,الجمهورية اللبنانية,,,,
LC,LCA,662,Saint Lucia,Saint Lucia,Santa Lucía,Sainte-Lucie,St. Lucia,圣卢西亚,LC,LCA,662,Saint Lucia,Saint Lucia,Saint Lucia,Saint Lucia,R0,Saint Luchia,Santa Luchia,,,,,,
LI,LIE,438,Liechtenstein,Liechtenstein,Liechtenstein,Liechtenstein,Liechtenstein,列支敦士登,LI,LIE,438,Principality of Liechtenstein,,Liechtenstein,,R1,Lichtenstein,Lichtentain,Fürstentum Liechtenstein,,,,,
LK,LKA,144,Sri Lanka,Sri Lanka,Sri Lanka,Sri Lanka,Sri Lanka (vormals Ceylon),斯里兰卡 ,LK,LKA,144,Democratic Socialist Republic of Sri Lanka,,,,R1,Sri,,,,,,,
LR,LBR,430,Liberia,Liberia,Liberia,Libéria,Liberia,利比里亚 ,LR,LBR,430,Republic of Liberia,Liberia,Republic of Liberia,Republic of Liberia,R0,Libera,,,,,,,
LS,LSO,426,Lesotho,Lesotho,Lesotho,Lesotho,Lesotho,莱索托,LS,LSO,426,Kingdom of Lesotho,Lesotho,Kingdom of Lesotho,Muso oa Lesotho,R0,Lesoto,,Muso oa Lesotho,Basutoland,,,,
LT,LTU,440,Lithuania,Lithuania,Lituania,Lituanie,Litauen,立陶宛,LT,LTU,440,Republic of Lithuania,Lietuva,Republic of Lithuania,Lietuvos Respublika,R1,Lituana,,Lietuva,Lietuvos Respublika,,,,
LU,LUX,442,Luxembourg,Luxembourg,Luxemburgo,Luxembourg,Luxemburg,卢森堡 ,LU,LUX,442,Grand Duchy of Luxembourg,,,Luxemburg,R1,Luxembourgo,,,,,,,
LV,LVA,428,Latvia,Latvia,Letonia,Lettonie,Lettland,拉脱维亚,LV,LVA,428,Republic of Latvia,,,Latvija,R1,Lavia,,,,,,,
LY,LBY,434,Libya,Libya,Libia,Libye,Libyen,利比亚,LY,LBY,434,State of Libya,Libya,Libya,Libya,R0,Libia,,Dawlat Lībyā,,,,,
MA,MAR,504,Morocco,Morocco,Marruecos,Maroc,Marokko,摩洛哥,MA,MAR,504,Kingdom of Morocco,,,Marocco,R1,Moroco,,Royaume du Maroc,,,,,
MC,MCO,492,Monaco,Monaco,Mónaco,Monaco,Monaco,摩纳哥,MC,MCO,492,Principality of Monaco,Monaco,Principality of Monaco,Monaco,R0,Monoco,Monako,Principaute de Monaco,,,,,
MD,MDA,498,Moldova,Republic of Moldova,Moldavia,République de Moldova,Republik Moldau,摩尔多瓦,MD,MDA,498,Republic of Moldova,Moldova,Republic of Moldova ,Republica Moldova,R0,Moldavia,,Republica Moldova,,,,,
ME,MNE,499,Montenegro,Montenegro,Montenegro,Monténégro,Mongolei,黑山,ME,MNE,499,Montenegro,Crna Gora,Montenegro,Crna Gora,R0,Monte Negro,,Crna Gora,Црна Гора,,,,
MF,MAF,663,Saint-Martin (French part),Saint Martin,San Martín (Sint Maarten),Saint-Martin,Saint-Martin,圣马丁,MF,MAF,663,Saint-Martin,San Martin,Saint-Martin,Sint Maarten,R0,San Martín,,Sint Maarten,,,,,
MG,MDG,450,Madagascar,Madagascar,Madagascar,République de Madagascar,Madagaskar,马达加斯加 ,MG,MDG,450,Republic of Madagascar ,Madagascar,Republic of Madagascar ,République de Madagascar,R0,Medagascar,,Madagasikara,République de Madagascar,Repoblikan'i Madagasikara,Malagasy Republic,,
MH,MHL,584,Marshall Islands,Marshall Islands,Islas Marshall,Îles Marshall,Marshallinseln,马绍尔群岛,MH,MHL,584,Republic of the Marshall Islands,,,Marshall Islands,R1,Islas Marchal,Marshal Islands,,Aolepān Aorōkin M̧ajeļ,,,,
MK,MKD,807,Macedonia,Rep. of Macedonia,Macedonia,l'ex-République Yougoslave de Macédoine,Mazedonien,马其顿,MK,MKD,807,Macedonia,Македонија,Macedonia The Former Yugoslav Republic of,République de Macédoine,R0,Macedona,,Македонија,Republika Makedonija,Republika Makedonija,,,
ML,MLI,466,Mali,Mali,Malí,Mali,Mali,马里 ,ML,MLI,466,Republic of Mali,Mali,Republic of Mali,Republica Mali,R0,Male,,Mali ka Fasojamana,République du Mali,,,,
MM,MMR,104,Myanmar,Myanmar,Birmania Myanma,"Myanmar, Birmanie",Myanmar,缅甸,MM,MMR,104,Republic of the Union of Myanmar,Burma,Republic of the Union of Myanmar,Myanmar,R0,Birma,,Burma,Pyidaunzu Thanmăda Myăma,Nainngandaw,,,
MN,MNG,496,Mongolia,Mongolia,Mongolia,Mongolie,Montenegro,蒙古,MN,MNG,496,Mongolia,Mongolia,Mongolia,Monggol,R0,Mongol,,Монгол Улс,Mongol uls,Mongol State,,,
MO,MAC,446,"Macau, SAR China",Macao,Macao,Macao,Macau,澳门 ,MO,MAC,446,Macao Special Administrative Region of the People's Republic of China,Macau,,SAR,R1,Makau,,,,,,,
MP,MNP,580,Northern Mariana Islands,Northern Mariana Islands,Islas Marianas del Norte,Îles Mariannes du Nord,Nördliche Marianen,北马里亚纳,MP,MNP,580,Commonwealth of the Northern Mariana Islands,Mariana Islands,,CNMI,R1,Islas Marian,,Sankattan Siha Na Islas Mariånas,,,,,
MQ,MTQ,474,Martinique,Martinique,Martinica,Martinique,Martinique,马提尼克,MQ,MTQ,474,Martinique,,Martinique,,R1,Martinik,,,,,,,
MR,MRT,478,Mauritania,Mauritania,Mauritania,Mauritanie,Mauretanien,毛里塔尼亚,MR,MRT,478,Islamic Republic of Mauritania,Mauritania,Islamic Republic of Mauritania, République islamique de Mauritanie ,R0,Mauritana,,موريتانيا,al-Jumhūrīyah al-Islāmīyah al-Mūrītānīyah,Mūrītānyā,Muritanya,الجمهورية الإسلامية الموريتانية,
MS,MSR,500,Montserrat,Montserrat,Montserrat,Montserrat,Montserrat,蒙塞拉特群岛,MS,MSR,500,Montserrat,Montserrat,Montserrat,Montserrat,R0,Monserrat,Mountserrat,The Emerald Isle of the Caribbean,,,,,
MT,MLT,470,Malta,Malta,Malta,Malte,Malta,马耳他,MT,MLT,470,Republic of Malta,Malta,Republic of Malta,Malta,R0,Malt,,Repubblika ta' Malta,,,,,
MU,MUS,480,Mauritius,Mauritius,Mauricio,Île Maurice,Mauritius,毛里求斯,MU,MUS,480,Republic of Mauritius,Mauritius,Republic of Mauritius,République de Maurice,R0,Maoritis,Mauritos,Repiblik Moris,Maurice,,,,
MV,MDV,462,Maldives,Maldives,Maldivas,Maldives,Malediven,马尔代夫,MV,MDV,462,Republic of Maldives,Maldives,Republic of Maldives,Republic of Maldives,R0,Moldives,Moldaivz,Dhivehi Raa'jeyge Jumhooriyya,King's Island,,,,
MW,MWI,454,Malawi,Malawi,Malawi,Malawi,Malawi,马拉维,MW,MWI,454,Republic of Malawi,Malawi,Republic of Malawi,Republic of Malawi,R0,Malaui,Melawi,Nyasaland,The Warm Heart of Africa,Dziko la Malaŵi,,,
MX,MEX,484,Mexico,Mexico,México,Mexique,Mexiko,墨西哥 ,MX,MEX,484,United Mexican States,,,Mexico,R1,Mejico,,Mēxihco,Estados Unidos Mexicanos,,,,
MY,MYS,458,Malaysia,Malaysia,Malasia,Malaisie,Malaysia,马来西亚 ,MY,MYS,458,Malaysia,,Malaysia,,R1,Malaisia,,,,,,,
MZ,MOZ,508,Mozambique,Mozambique,Mozambique,Mozambique,Mosambik,莫桑比克,MZ,MOZ,508,Republic of Mozambique,,Mozambique,,R1,Mosambike,Mozanbique,Moçambique or República de Moçambique,,,,,
NA,NAM,516,Namibia,Namibia,Namibia,Namibie,Namibia,纳米比亚 ,NA,NAM,516,Republic of Namibia,Namibia,Republic of Namibia,Namibia,R0,Namiba,,Republik Namibia,Republiek van Namibië,,,,
NC,NCL,540,New Caledonia,New Caledonia,Nueva Caledonia,Nouvelle-Calédonie,Neukaledonien,新喀里多尼亚 ,NC,NCL,540,New Caledonia,New Caledonia,Territory of New Caledonia and Dependencies,New Caledonia,R0,Caledonia Nueva,,Nouvele-Calédonie,Territoire des Nouvelle-Caledonie et Dépendances,,,,
NE,NER,562,Niger,Niger,Niger,Niger,Niger,尼日尔 ,NE,NER,562,Republic of the Niger, Niger ,Republic of the Niger, Niger ,R0,Nijer,,the Niger,République du Niger ,,,,
NF,NFK,574,Norfolk Island,Norfolk Island,Isla Norfolk,Ile de Norfolk,Norfolkinsel,诺福克岛,NF,NFK,574,Teratri a' Norf'k Ailen ,Norf'k Ailen,Territory of Norfolk Island,Norfolk Island,R0,Norfelk Island,,,,,,,
NG,NGA,566,Nigeria,Nigeria,Nigeria,Nigéria,Nigeria,尼日利亚 ,NG,NGA,566,Federal Republic of Nigeria,,,Nigeria,R1,Nijeria,,,,,,,
NI,NIC,558,Nicaragua,Nicaragua,Nicaragua,Nicaragua,Nicaragua,尼加拉瓜 ,NI,NIC,558,Republic of Nicaragua,,Nicaragua,,R1,Nikaragua,Nicaragwa,,,,,,
NL,NLD,528,Netherlands,Netherlands,Países Bajos,Pays-Bas,Niederlande,荷兰 ,NL,NLD,528,Netherlands ,Holland,,Nederland,R1,Olanda,Netherland,Holanda,,,,,
NO,NOR,578,Norway,Norway,Noruega,Norvège,Norwegen,挪威,NO,NOR,578,Kingdom of Norway,,,,R1,Norwey,,Bokmal,Norga,,,,
NP,NPL,524,Nepal,Nepal,Nepal,Népal,Nepal,尼泊尔 ,NP,NPL,524,Federal Democratic Republic of Nepal,Nepal,,,R1,Nepali,,Nepāl,,,,,
NR,NRU,520,Nauru,Nauru,Nauru,Nauru,Nauru,瑙鲁 ,NR,NRU,520,Republic of Nauru,Nauru,Republic of Nauru,Nauru,R0,Noru,,Naoero,Repubrikin Naoero,Pleasant Island,Repubrikin Naoero,,
NU,NIU,570,Niue ,Niue,Niue,Nioué,Niue,纽埃,NU,NIU,570,Niue ,Niuē,Niue ,Niue ,R0,Nie,,Niuē,,,,,
NZ,NZL,554,New Zealand,New Zealand,Nueva Zelanda,Nouvelle-Zélande,Neuseeland,新西兰 ,NZ,NZL,554,New Zealand,New Zealand,New Zealand,New Zealand,R1,New Zeland,,Aotearoa,,,,,
OM,OMN,512,Oman,Oman,Omán,Oman,Oman,阿曼,OM,OMN,512,Sultanate of Oman,,Sultanate of Oman,,R1,Omen,,سلطنة عُمان,,,,,
PA,PAN,591,Panama,Panama,Panamá,Panama,Panama,巴拿马 ,PA,PAN,591,Republic of Panama,,Panama,,R1,Panema,,,,,,,
PE,PER,604,Peru,Peru,Perú,Pérou,Peru,秘鲁 ,PE,PER,604,Republic of Peru,,Republic of Peru,Republica de Peru,R1,Piru,,Piruw Republika,,,,,
PF,PYF,258,French Polynesia,French Polynesia,Polinesia Francesa,Polynésie Française,Französisch-Polynesien,法属波利尼西亚,PF,PYF,258,French Polynesia,French Polynesia,French Polynesia,Polynésie française,R0,Polynesie francaise,French Polinesia,Polynésie française,Pōrīnetia Farāni,,,,
PG,PNG,598,Papua New Guinea,Papua New Guinea,Papúa-Nueva Guinea,Papouasie-Nouvelle-Guinée,Papua-Neuguinea,巴布亚新几内亚 ,PG,PNG,598,Independent State of Papua New Guinea,Papua New Guinea,Independent State of Papua New Guinea,Papua New Guinea,R0,Papoa New Guinea,,Papuaniugini,Territory of Papua and New Guinea,PNG,Papua Niu Gini,,
PH,PHL,608,Philippines,Philippines,Filipinas,Philippines,Philippinen,菲律宾 ,PH,PHL,608,Republic of the Philippines,,Republic of the Philippines,,R1,Philipines,,,,,,,
PK,PAK,586,Pakistan,Pakistan,Pakistán,Pakistan,Pakistan,巴基斯坦 ,PK,PAK,586,Islamic Republic of Pakistan,,Pakistan,,R1,Pakisten,Paquistan,پاکِستان,,,,,
PL,POL,616,Poland,Poland,Polonia,Pologne,Polen,波兰 ,PL,POL,616,Republic of Poland,Poland,Republic of Poland,Poland,R1,Polan,,Polska,Rzeczpospolita Polska,,,,
PM,SPM,666,Saint Pierre and Miquelon ,Saint Pierre and Miquelon,San Pedro y Miquelón,Saint-Pierre et Miquelo,St. Pierre und Miquelon,圣皮埃尔和密克隆,PM,SPM,666,Overseas Collectivity of Saint Pierre and Miquelon,Saint-Pierre-et-Miquelon,Overseas Collectivity of Saint Pierre and Miquelon,Saint Pierre and Miquelon ,R0,San Piere y Miquelon,,Collectivité d'Outre-mer de Saint-Pierre-et-Miquelon,,,,,
PN,PCN,612,Pitcairn Islands,Pitcairn Island,Isla Pitcairn,Pitcairn,Pitcairninseln,皮特凯恩群岛,PN,PCN,612,"Pitcairn, Henderson, Ducie, and Oeno Islands",Pitcairn Islands, Pitcairn Islands, Pitcairn Islands,R0,Pitcarn Islands,Pitcarn,Pitkern Ailen,,,,,
PR,PRI,630,Puerto Rico,Puerto Rico,Puerto Rico,Porto Rico,Puerto Rico,波多黎各 ,PR,PRI,630,Commonwealth of Puerto Rico,Rich Port,,Estado Libre Asociado de Puerto Rico,R1,Porto Rico,,,,,,,
PS,PSE,275,Palestinian Territory,Palestinian territories,Territorios Palestinos,Autorité Nationale Palestinienne,Palästinensische Autonomiegebiete,巴勒斯坦 ,PS,PSE,275,Occcupied Palestinian territories,OPT,Palestinian territories,Palestinian territories,R0,Palestan Territories,,الأراضي الفلسطينية,الأراضي الفلسطينية,,,,
PT,PRT,620,Portugal,Portugal,Portugal,Portugal,Portugal,葡萄牙 ,PT,PRT,620,Portuguese Republic,,,República Portuguesa,R1,Portogal,,,,,,,
PW,PLW,585,Palau,Palau,Palau,Palaos,Palau,帕劳,PW,PLW,585,Republic of Palau,Palaos,,Beluu er a Belau,R1,Pelew,,Belau,,,,,
PY,PRY,600,Paraguay,Paraguay,Paraguay,Paraguay,Paraguay,巴拉圭 ,PY,PRY,600,Republic of Paraguay,Paraguay,,Republica de Paraguay,R1,Parawai,,,,,,,
QA,QAT,634,Qatar,Qatar,Qatar,Qatar,Katar,卡塔尔,QA,QAT,634,State of Qatar,Qatar,,Qatar,R1,Katar,,قطر‎ ,,,,,
RE,REU,638,Réunion,Reunion Island,Reunión,Ile de la Réunion,Réunion,留尼汪,RE,REU,638,Réunion,,,La Réunion,R1,La Reunion,,Île Bourbon,,,,,
RO,ROU,642,Romania,Romania,Rumanía,Roumanie,Rumänien,罗马尼亚 ,RO,ROU,642,Romania,,Romania,,R1,Rumania,Romaynia,,,,,,
RS,SRB,688,Serbia,Serbia,Serbia,Serbie,Serbien,塞尔维亚 ,RS,SRB,688,Republic of Serbia,,,Republika Srbija,R1,Serbija,,Србија,Република Србија,,,,
RU,RUS,643,Russia,Russia,Federación Rusa,Fédération de Russie,Russische Föderation,俄罗斯 ,RU,RUS,643,Russian Federation,Russland,,Росси́йская Федера́ция,R1,Rusia,Rossiya,,,,,,
RW,RWA,646,Rwanda,Rwanda,Ruanda,Rwanda,Ruanda,卢旺达,RW,RWA,646,Republic of Rwanda, U Rwanda ,Republic of Rwanda,Rwanda,R0,Ruanda,,Repubulika y'u Rwanda,République du Rwanda,,,,
SA,SAU,682,Saudi Arabia,Saudi Arabia,Arabia Saudita,Arabie Saoudite,Saudi-Arabien,沙特阿拉伯 ,SA,SAU,682,Kingdom of Saudi Arabia,KSA,,Saudi Arabia,R1,Soudi Arabia,,,,,,,
SB,SLB,90,Solomon Islands,Solomon Islands,Islas Salomón,Îles Salomon,Salomonen,所罗门群岛,SB,SLB,90,Solomon Islands,Solomon Islands,Solomon Islands,Solomon Islands,R0,Solomond Island,,,,,,,
SC,SYC,690,Seychelles,Seychelles,Seychelles,Seychelles,Seychellen,塞舌尔,SC,SYC,690,Republic of Seychelles,"Seychelles,Sesel",Republic of Seychelles,Seychelles,R0,Sesel,,République des Seychelles,Repiblik Sesel,,,,
SD,SDN,736,Sudan,Sudan,Sudán,Soudan,Sudan,苏丹,SD,SDN,736,North Sudan,The Sudan,Republic of the Sudan,,,Suden,,,,,,,
SE,SWE,752,Sweden,Sweden,Suecia,Suède,Schweden,瑞典 ,SE,SWE,752,Kingdom of Sweden,,,Sweden,R1,Suiden,Sweeden,Sverige,,,,,
SG,SGP,702,Singapore,Singapore,Singapur,Singapour,Singapur,新加坡 ,SG,SGP,702,Republic of Singapore,Singapore,Republic of Singapore,Singapore,R1,Singapure,,Republik Singapura,新加坡共和国,,சிங்கப்பூர் குடியரசு,சிங்கப்பூர,
SH,SHN,654,Saint Helena,Saint Helena,Santa Helena,Île Sainte-Hélène,St. Helena,圣赫勒拿,SH,SHN,654, Ascension and Tristan da Cunha,Ascension,Saint Helena,Saint Helena,R0,santa Elena,Santa Elena,Ascension and Tristan da Cunha,Saint Helena and Dependencies,Sainte-Hélène,,,
SI,SVN,705,Slovenia,Slovenia,Eslovenia,Slovénie,Slowenien,斯洛文尼亚 ,SI,SVN,705,Republic of Slovenia,,Slovenia,,R1,Slovena,Slovene,Slovenija,,,,,
SJ,SJM,744,Svalbard and Jan Mayen Islands ,Svalbard and Jan Mayen Islands,Islas Svalbard y Jan Mayen,Svalbard et Jan Mayen,Svalbard und Jan Mayen,斯瓦尔巴特和扬马延,SJ,SJM,744,Svalbard and Jan Mayen,Svalbard and Jan Mayen,Svalbard and Jan Mayen Islands,Svalbard and Jan Mayen,R0,Svalbord,,Svalbard og Jan Mayen,,,,,
SK,SVK,703,Slovakia,Slovakia (Slovak Republic),Eslovaquia,Slovaquie,Slowakei (vormals Teil der Tschechoslowakei),斯洛伐克 ,SK,SVK,703,Slovak Republic,,,Slovensko ,R1,Slovekia,,,,,,,
SL,SLE,694,Sierra Leone,Sierra Leone,Sierra Leona,Sierra Leone,Sierra Leone,塞拉利昂 ,SL,SLE,694,Republic of Sierra Leone,Sierra Leone,Republic of Sierra Leone,Sierra Leone,R0,Sierra Lioni,,,,,,,
SM,SMR,674,San Marino,San Marino,San Marino,Saint-Marin,San Marino,圣马力诺 ,SM,SMR,674,Republic of San Marino,San Marino,Republic of San Marino,Repubblica di San Marino,R0,Saint Marino,,Most Serene Republic of San Marino,Serenissima Repubblica di San Marino,RSM,,,
SN,SEN,686,Senegal,Senegal,Senegal,Sénégal,Senegal,塞内加尔 ,SN,SEN,686,Republic of Senegal,Sénégal,Republic of Senegal,République du Sénégal,R0,Sinegal,,,,,,,
SO,SOM,706,Somalia,Somalia,Somalia,Somalie,Somalia,索马里 ,SO,SOM,706,Federal Republic of Somalia,جمهورية الصومال الفيدرالية,Federal Republic of Somalia,Somalia,R0,Somala,,جمهورية الصومال الفيدرالية,,,,,
SR,SUR,740,Suriname,Suriname,Surinam,Suriname,Suriname,苏里南,SR,SUR,740,Republic of Suriname,Suriname,Republic of Suriname,Republiek Suriname,R0,Surinam,,,,,,,
SS,SSD,728,South Sudan,South Sudan,Sudán del Sur,Soudan du Sud,Südsudan,南苏丹,SS,SSD,728, Republic of South Sudan, South Sudan, Republic of South Sudan, South Sudan,R0,South Suden,,,,,,,
ST,STP,678,Sao Tome and Principe,Sao Tome and Príncipe,Santo Tomé y Príncipe,Sao Tomé-et-Principe,São Tomé und Príncipe,圣多美普林西比 ,ST,STP,678,Democratic Republic of São Tomé and Príncipe,,,,R1,Sao Tome,,,,,,,
SV,SLV,222,El Salvador,El Salvador,El Salvador,El Salvador,El Salvador,萨尔瓦多,SV,SLV,222,Republic of El Salvador,,El Salvador,República de El Salvador,R1,El Selvador,,Republic of The Savior,,,,,
SX,SXM,534,Sint Maarten,Sint Maarten,San Martin,Saint-Martin,Sint Maarten,,SX,SXM,532,Sint Maarten,,Sait Martin,,,Sint Martin,,,,,,,
SY,SYR,760,Syria,Syria,Siria,République Arabe Syrienne, Arabische Republik Syrien,叙利亚 ,SY,SYR,760,Syrian Arab Republic,سوريا‎ ,Syrian Arab Republic,Syria ,R0,Sirya,,سوريا‎,الجمهورية العربية السورية ,,,,
SZ,SWZ,748,Swaziland,Swaziland,Swazilandia,Swaziland,Swasiland,史瓦济兰,SZ,SWZ,748,Kingdom of Swaziland,kaNgwane,Kingdom of Swaziland,Swaziland,R0,Eswatini,,kaNgwane,Eswatini,,,,
TC,TCA,796,Turks and Caicos Islands ,Turks and Caicos Islands,Islas Turcas y Caicos,Îles Turks et Caïques,Turks- und Caicosinseln,特克斯和凯科斯群岛,TC,TCA,796,Turks and Caicos Islands,TCI,Turks and Caicos Islands,TCI,R0,Turkos and Caicos Islands,,,,,,,
TD,TCD,148,Chad,Chad,Chad,Tchad,Tschad,乍得,TD,TCD,148,Republic of Chad,Chad,Republic of Chad,République du Tchad,R0,Tchad,,جمهورية تشاد,Jumhūrīyat Tshād,,,,
TF,ATF,260,French Southern Territories,French Southern Territories,Tierras Australes y Antárticas Francesas,Terres Australes Françaises,Französische Süd- und Antarktisgebiete,法属南部领土,TF,ATF,260, French Southern and Antarctic Lands,TAAF,French Southern and Antarctic Lands,TAAF,R0,,,TAAF,,,,,
TG,TGO,768,Togo,Togo,Togo,Togo,Togo,多哥,TG,TGO,768,Togolese Republic,,Togolese Republic,,,Tougo,,,,,,,
TH,THA,764,Thailand,Thailand,Tailandia,Thaïlande,Thailand,泰国,TH,THA,764,Kingdom of Thailand,Siam,Kingdom of Thailand,,R1,Thayland,,,,,,,
TJ,TJK,762,Tajikistan,Tajikistan,Tadjikistan,Tadjikistan,Tadschikistan,塔吉克斯坦,TJ,TJK,762,Republic of Tajikistan,,Republic of Tajikistan,,,Tajikastan,,,,,,,
TK,TKL,772,Tokelau ,Tokelau,Tokelau,Tokelau,Tokelau,托克劳,TK,TKL,772,Tokelau Islands,Tokelau,Union Islands,Tokelau,R0,Tokelao,,,,,,,
TL,TLS,626,Timor-Leste,Timor-Leste,Timor Oriental,Timor-Leste,Timor-Leste (Osttimor),东帝汶,TL,TLS,626,Democratic Republic of Timor-Leste,East Timor,,Timor Oriental,,Timor,,,,,,,
TM,TKM,795,Turkmenistan,Turkmenistan,Turkmenistan,Turkménistan,Turkmenistan,土库曼,TM,TKM,795,Turkmenia,Türkmenistan  ,Turkmenistan,Turkmenistan,R0,Turkmania,,Türkmenistan,,,,,
TN,TUN,788,Tunisia,Tunisia,Túnez,Tunisie,Tunesien,突尼斯,TN,TUN,788,Republic of Tunisia,,Republic of Tunisia,,R1,Tunes,,تونس,,,,,
TO,TON,776,Tonga,Tonga,Tonga,Tonga,Tonga,汤加,TO,TON,776,Kingdom of Tonga,Tonga,Kingdom of Tonga,Puleʻanga Fakatuʻi,R0,Tongo,,Puleʻanga Fakatuʻi ʻo Tonga,,,,,
TR,TUR,792,Turkey,Turkey,Turquía,Turquie,Türkei,土耳其 ,TR,TUR,792,Republic of Turkey,Türkiye,Republic of Turkey,Türkiye Cumhuriyeti,R1,Torkey,,,,,,,
TT,TTO,780,Trinidad and Tobago,Trinidad and Tobago,Trinidad y Tobago,Trinité-et-Tobago,Trinidad und Tobago,特里尼达和多巴哥,TT,TTO,780,Republic of Trinidad and Tobago,,Republic of Trinidad and Tobago,,R1,Trinity and Tobago,,,,,,,
TV,TUV,798,Tuvalu,Tuvalu,Tuvalu,Tuvalu,Tuvalu,吐瓦鲁 ,TV,TUV,798,Ellice Islands,Tuvalu,Tuvalu,Tuvalu,R0,Tuvalo,,,,,,,
TW,TWN,158,Taiwan,Taiwan,Taiwan,Taïwan,Taiwan,台湾 ,TW,TWN,158,Republic of China,ROC,Taiwan,,R1,Taiwon,,,,,,,
TZ,TZA,834,Tanzania,Tanzania,Tanzania, République-Unie de Tanzanie,Vereinigte Republik Tansania,坦桑尼亚 ,TZ,TZA,834,United Republic of Tanzania,,United Republic of Tanzania,,R1,Tenzania,,Jamhuri ya Muungano wa Tanzania,,,,,
UA,UKR,804,Ukraine,Ukraine,Ucrania,Ukraine,Ukraine,乌克兰,UA,UKR,804,The Ukraine,,Ukraine,,R1,Ukrayina,,,,,,,
UG,UGA,800,Uganda,Uganda,Uganda,Ouganda,Uganda,乌干达 ,UG,UGA,800,Republic of Uganda,Uganda,Republic of Uganda,Uganda,R0,Ugenda,,Jamhuri ya Uganda,,,,,
UM,UMI,,United States Minor Outlying Islands,United States Minor Outlying Islands,Islas periféricas menores de los Estados Unidos,Îles mineures éloignées des États-Unis,kleinere unterseeische Inseln der Vereinigten Staaten,,UM,UMI,,United States Minor Outlying Islands,,,United States Minor Outlying Islands,,,,,,,,,
US,USA,840,United States of America,United States of America,Estados Unidos,États-Unis,Vereinigte Staaten (USA),美国 ,US,USA,840,United States,US,USA,U.S.,R1,Norteamerica,,America,,,,,
UY,URY,858,Uruguay,Uruguay,Uruguay,Uruguay,Uruguay,>乌拉圭,UY,URY,858,Oriental Republic of Uruguay,Uruguay,,República Oriental del Uruguay,R1,Uruwai,,,,,,,
UZ,UZB,860,Uzbekistan,Uzbekistan,Uzbekistán,Ouzbékistan,Usbekistan,乌兹别克斯坦 ,UZ,UZB,860,Republic of Uzbekistan,Uzbekistan,Republic of Uzbekistan,Uzbekistan,R0,Usbekistan,,Oʻzbekiston Respublikasi,Ozbekiston Republikasy,Республика Узбекистан,,,
VA,VAT,336,Vatican City,Holy See,Ciudad del Vaticano,État de la Cité du Vatican,Vatikanstadt,梵帝冈,VA,VAT,336,Vatican City State,Heiliger Stuhl,Holy See,Città Del Vaticano,R0,Vaticano,Vaticano,Civitas Vaticana,,,,,
VC,VCT,670,Saint Vincent and Grenadines,Saint Vincent and the Grenadines,San Vincente y Granadinas,Saint-Vincent-et-les Grenadines,St. Vincent und die Grenadinen,圣文森特和格林纳丁斯,VC,VCT,670,Saint Vincent and Grenadines,Saint Vincent,Saint Vincent and Grenadines,Saint Vincent,R0,San Vicente,,,,,,,
VE,VEN,862,Venezuela,Venezuela,Venezuela,Venezuela,Venezuela,委内瑞拉,VE,VEN,862,Bolivarian Republic of Venezuela,,Republica de Venezuela,República Bolivariana de Venezuela,R1,Venezwela,,,,,,,
VG,VGB,92,British Virgin Islands,British Virgin Islands,Islas Virgenes Británicas,Îles Vierges Britanniques,Britische Jungferninseln,英属维京群岛,VG,VGB,92,British Virgin Islands,BVI,British Virgin Islands,British Virgin Islands,R0,Islas virgenes,,Virgin Islands,,,,,
VI,VIR,850,US Virgin Islands,United States Virgin Islands,Islas Virgenes Americanas,Îles Vierges des États-Unis,Amerikanische Jungferninseln,美属维京群岛,VI,VIR,850,US Virgin Islands,,US Virgin Islands,,R1,,,,,,,,
VN,VNM,704,Vietnam,Vietnam,Vietnam,Viêt Nam,Vietnam,越南,VN,VNM,704,Socialist Republic of Vietnam,,Viet Nam,,R1,Vietnaem,,,,,,,
VU,VUT,548,Vanuatu,Vanuatu,Vanuatu,Vanuatu,Vanuatu,瓦努阿图,VU,VUT,548,Republic of Vanuatu,Vanuatu,Republic of Vanuatu,République de Vanuatu  ,R0,Vanuahtu,,Ripablik blong Vanuatu,,,,,
WF,WLF,876,Wallis and Futuna,Wallis and Futuna Islands,Wallis y Futuna,Wallis et Futuna,Wallis und Futuna,瓦利斯和富图纳,,WF,WLF,Territory of the Wallis and Futuna Islands,,,Territoire des îles Wallis-et-Futuna,,Walis and Futuna,,,,,,,
WS,WSM,882,Samoa,Samoa,Samoa,Samoa,Samoa,萨摩亚 ,WS,WSM,882,Independent State of Samoa,Malo Saʻoloto Tutoʻatas,Independent State of Samoa,Sāmoa ,R0,Samua,,,,,,,
YE,YEM,887,Yemen,Yemen,Yemen,Yémen,Jemen,也门 ,YE,YEM,887,Republic of Yemen,اليَمَن‎,Republic of Yemen,Yemen,R0,Yaman,,الجمهورية اليمنية,ٱلْجُمْهُورِيَّة ٱلْيَمَنِيَّة‎,,,,
YT,MYT,175,Mayotte,Mayotte,Mayotte,Mayotte,Mayotte,马约特,YT,MYT,175,Department of Mayotte,,,Département de Mayotte,R1,Mayote,,,,,,,
ZA,ZAF,710,South Africa,South Africa,Sudáfrica,Afrique du Sud,Südafrika,南非 ,ZA,ZAF,710,Republic of South Africa,RSA,Republic of South Africa,,R1,Africa del sur,,,,,,,
ZM,ZMB,894,Zambia,Zambia,Zambia,Zambie,Sambia,赞比亚 ,ZM,ZMB,894,Republic of Zambia,Zambia,Republic of Zambia,Zambia,R0,Zembia,,,,,,,
ZW,ZWE,716,Zimbabwe,Zimbabwe,Zimbabwe,Zimbabwe,Simbabwe,津巴布韦,ZW,ZWE,716,Republic of Zimbabwe,,Republic of Zimbabwe,,R1,Zimbawe,,,,,,,
,,,,,,,,,,,,,,,,,,,,,,,,
,,,,,,,,,,,,,,,,,,,,,,,,
,,,,,,,,,,,,,,,,,,,,,,,,
,,,,,,,,,,,,,,,,,,,,,,,,
http://www.geonames.org/countries/,,,,,,,,,,,,,,,,,,,,,,,,